2017-06-20 00:00:00, 22.7, 50.89
2017-06-20 00:00:02, 22.66, 50.85
2017-06-20 00:00:03, 22.75, 50.89
2017-06-20 00:00:05, 22.7, 50.85
2017-06-20 00:00:06, 22.7, 50.85
2017-06-20 00:00:08, 22.71, 50.82
2017-06-20 00:00:09, 22.67, 50.82
2017-06-20 00:00:11, 22.66, 50.82
2017-06-20 00:00:12, 22.69, 50.82
2017-06-20 00:00:14, 22.69, 50.82
2017-06-20 00:00:16, 22.64, 50.82
2017-06-20 00:00:17, 22.64, 50.88
2017-06-20 00:00:19, 22.62, 50.91
2017-06-20 00:00:21, 22.62, 50.94
2017-06-20 00:00:22, 22.62, 50.97
2017-06-20 00:00:24, 22.49, 50.98
2017-06-20 00:00:26, 22.52, 51.05
2017-06-20 00:00:27, 22.63, 51.1
2017-06-20 00:00:29, 22.66, 51.07
2017-06-20 00:00:30, 22.67, 51.07
2017-06-20 00:00:32, 22.66, 51.01
2017-06-20 00:00:33, 22.65, 50.97
2017-06-20 00:00:35, 22.66, 50.98
2017-06-20 00:00:36, 22.63, 50.94
2017-06-20 00:00:38, 22.65, 50.94
2017-06-20 00:00:39, 22.67, 50.95
2017-06-20 00:00:41, 22.68, 50.95
2017-06-20 00:00:42, 22.68, 50.92
2017-06-20 00:00:44, 22.53, 50.93
2017-06-20 00:00:45, 22.65, 50.97
2017-06-20 00:00:47, 22.64, 50.97
2017-06-20 00:00:48, 22.65, 50.97
2017-06-20 00:00:50, 22.64, 50.97
2017-06-20 00:00:51, 22.64, 50.94
2017-06-20 00:00:53, 22.65, 50.94
2017-06-20 00:00:54, 22.67, 50.95
2017-06-20 00:00:56, 22.59, 50.93
2017-06-20 00:00:57, 22.66, 50.98
2017-06-20 00:00:58, 22.66, 50.94
2017-06-20 00:01:00, 22.68, 50.95
2017-06-20 00:01:01, 22.68, 50.95
2017-06-20 00:01:03, 22.69, 50.92
2017-06-20 00:01:04, 22.7, 50.92
2017-06-20 00:01:06, 22.7, 50.89
2017-06-20 00:01:07, 22.7, 50.92
2017-06-20 00:01:09, 22.69, 50.88
2017-06-20 00:01:10, 22.71, 50.89
2017-06-20 00:01:11, 22.7, 50.85
2017-06-20 00:01:13, 22.68, 50.88
2017-06-20 00:01:14, 22.71, 50.86
2017-06-20 00:01:16, 22.7, 50.85
2017-06-20 00:01:17, 22.71, 50.86
2017-06-20 00:01:19, 22.71, 50.86
2017-06-20 00:01:20, 22.72, 50.83
2017-06-20 00:01:22, 22.72, 50.83
2017-06-20 00:01:23, 22.62, 50.81
2017-06-20 00:01:25, 22.69, 50.85
2017-06-20 00:01:26, 22.7, 50.85
2017-06-20 00:01:27, 22.72, 50.86
2017-06-20 00:01:29, 22.72, 50.86
2017-06-20 00:01:30, 22.71, 50.86
2017-06-20 00:01:32, 22.72, 50.86
2017-06-20 00:01:33, 22.63, 50.85
2017-06-20 00:01:35, 22.71, 50.86
2017-06-20 00:01:36, 22.72, 50.86
2017-06-20 00:01:38, 22.72, 50.89
2017-06-20 00:01:39, 22.72, 50.86
2017-06-20 00:01:40, 22.58, 50.84
2017-06-20 00:01:42, 22.68, 50.92
2017-06-20 00:01:43, 22.7, 50.89
2017-06-20 00:01:45, 22.71, 50.89
2017-06-20 00:01:46, 22.72, 50.89
2017-06-20 00:01:48, 22.71, 50.89
2017-06-20 00:01:49, 22.72, 50.86
2017-06-20 00:01:51, 22.72, 50.86
2017-06-20 00:01:52, 22.72, 50.83
2017-06-20 00:01:54, 22.73, 50.86
2017-06-20 00:01:55, 22.71, 50.82
2017-06-20 00:01:56, 22.72, 50.86
2017-06-20 00:01:58, 22.72, 50.83
2017-06-20 00:01:59, 22.73, 50.83
2017-06-20 00:02:01, 22.73, 50.8
2017-06-20 00:02:02, 22.73, 50.83
2017-06-20 00:02:04, 22.56, 50.84
2017-06-20 00:02:05, 22.67, 50.95
2017-06-20 00:02:07, 22.7, 50.92
2017-06-20 00:02:08, 22.71, 50.92
2017-06-20 00:02:09, 22.7, 50.89
2017-06-20 00:02:11, 22.6, 50.9
2017-06-20 00:02:12, 22.69, 50.92
2017-06-20 00:02:14, 22.7, 50.92
2017-06-20 00:02:15, 22.72, 50.89
2017-06-20 00:02:17, 22.72, 50.89
2017-06-20 00:02:18, 22.71, 50.89
2017-06-20 00:02:20, 22.73, 50.86
2017-06-20 00:02:21, 22.72, 50.86
2017-06-20 00:02:23, 22.6, 50.87
2017-06-20 00:02:24, 22.69, 50.92
2017-06-20 00:02:26, 22.71, 50.92
2017-06-20 00:02:27, 22.72, 50.89
2017-06-20 00:02:28, 22.73, 50.89
2017-06-20 00:02:30, 22.72, 50.89
2017-06-20 00:02:31, 22.73, 50.86
2017-06-20 00:02:33, 22.65, 50.85
2017-06-20 00:02:34, 22.71, 50.89
2017-06-20 00:02:36, 22.72, 50.89
2017-06-20 00:02:37, 22.72, 50.89
2017-06-20 00:02:39, 22.72, 50.86
2017-06-20 00:02:40, 22.72, 50.86
2017-06-20 00:02:41, 22.6, 50.87
2017-06-20 00:02:43, 22.7, 50.92
2017-06-20 00:02:44, 22.71, 50.95
2017-06-20 00:02:46, 22.72, 50.89
2017-06-20 00:02:47, 22.72, 50.89
2017-06-20 00:02:49, 22.72, 50.89
2017-06-20 00:02:50, 22.71, 50.89
2017-06-20 00:02:52, 22.72, 50.86
2017-06-20 00:02:53, 22.73, 50.86
2017-06-20 00:02:54, 22.59, 50.87
2017-06-20 00:02:56, 22.69, 50.92
2017-06-20 00:02:57, 22.7, 50.95
2017-06-20 00:02:59, 22.72, 50.92
2017-06-20 00:03:00, 22.72, 50.92
2017-06-20 00:03:02, 22.72, 50.89
2017-06-20 00:03:03, 22.56, 50.93
2017-06-20 00:03:05, 22.66, 50.98
2017-06-20 00:03:06, 22.69, 50.95
2017-06-20 00:03:08, 22.69, 50.98
2017-06-20 00:03:09, 22.71, 50.95
2017-06-20 00:03:10, 22.72, 50.95
2017-06-20 00:03:12, 22.72, 50.95
2017-06-20 00:03:13, 22.72, 50.92
2017-06-20 00:03:15, 22.72, 50.89
2017-06-20 00:03:16, 22.72, 50.89
2017-06-20 00:03:18, 22.72, 50.89
2017-06-20 00:03:19, 22.71, 50.89
2017-06-20 00:03:21, 22.72, 50.89
2017-06-20 00:03:22, 22.58, 50.87
2017-06-20 00:03:23, 22.69, 50.95
2017-06-20 00:03:25, 22.69, 50.95
2017-06-20 00:03:26, 22.7, 50.95
2017-06-20 00:03:28, 22.71, 50.92
2017-06-20 00:03:29, 22.7, 50.92
2017-06-20 00:03:31, 22.71, 50.92
2017-06-20 00:03:32, 22.64, 50.91
2017-06-20 00:03:34, 22.7, 50.92
2017-06-20 00:03:35, 22.68, 50.92
2017-06-20 00:03:37, 22.68, 50.92
2017-06-20 00:03:38, 22.68, 50.88
2017-06-20 00:03:39, 22.7, 50.92
2017-06-20 00:03:41, 22.7, 50.92
2017-06-20 00:03:42, 22.7, 50.89
2017-06-20 00:03:44, 22.7, 50.92
2017-06-20 00:03:45, 22.71, 50.89
2017-06-20 00:03:47, 22.7, 50.89
2017-06-20 00:03:48, 22.72, 50.89
2017-06-20 00:03:50, 22.71, 50.89
2017-06-20 00:03:51, 22.72, 50.89
2017-06-20 00:03:52, 22.71, 50.89
2017-06-20 00:03:54, 22.58, 50.87
2017-06-20 00:03:55, 22.68, 50.92
2017-06-20 00:03:57, 22.7, 50.95
2017-06-20 00:03:58, 22.7, 50.95
2017-06-20 00:04:00, 22.72, 50.92
2017-06-20 00:04:01, 22.71, 50.92
2017-06-20 00:04:03, 22.56, 50.93
2017-06-20 00:04:04, 22.67, 51.01
2017-06-20 00:04:05, 22.7, 51.01
2017-06-20 00:04:07, 22.69, 51.01
2017-06-20 00:04:08, 22.69, 50.98
2017-06-20 00:04:10, 22.58, 51.0
2017-06-20 00:04:11, 22.67, 51.01
2017-06-20 00:04:13, 22.68, 51.01
2017-06-20 00:04:14, 22.7, 51.01
2017-06-20 00:04:16, 22.69, 50.98
2017-06-20 00:04:17, 22.69, 50.98
2017-06-20 00:04:19, 22.7, 50.95
2017-06-20 00:04:20, 22.71, 50.95
2017-06-20 00:04:21, 22.55, 50.96
2017-06-20 00:04:23, 22.64, 51.04
2017-06-20 00:04:24, 22.68, 51.04
2017-06-20 00:04:26, 22.68, 51.01
2017-06-20 00:04:27, 22.7, 50.98
2017-06-20 00:04:29, 22.7, 51.01
2017-06-20 00:04:30, 22.72, 51.02
2017-06-20 00:04:32, 22.67, 50.98
2017-06-20 00:04:33, 22.69, 51.01
2017-06-20 00:04:34, 22.7, 50.95
2017-06-20 00:04:36, 22.71, 50.98
2017-06-20 00:04:37, 22.71, 50.95
2017-06-20 00:04:39, 22.71, 50.95
2017-06-20 00:04:40, 22.72, 50.95
2017-06-20 00:04:42, 22.71, 50.95
2017-06-20 00:04:43, 22.78, 50.93
2017-06-20 00:04:45, 22.7, 50.95
2017-06-20 00:04:46, 22.68, 50.95
2017-06-20 00:04:48, 22.7, 50.95
2017-06-20 00:04:49, 22.72, 50.95
2017-06-20 00:04:51, 22.63, 50.94
2017-06-20 00:04:52, 22.7, 50.98
2017-06-20 00:04:54, 22.7, 50.98
2017-06-20 00:04:55, 22.72, 50.98
2017-06-20 00:04:57, 22.71, 50.95
2017-06-20 00:04:58, 22.72, 50.95
2017-06-20 00:04:59, 22.73, 50.95
2017-06-20 00:05:01, 22.72, 50.95
2017-06-20 00:05:02, 22.73, 50.95
2017-06-20 00:05:04, 22.72, 50.95
2017-06-20 00:05:05, 22.72, 50.95
2017-06-20 00:05:07, 22.7, 50.95
2017-06-20 00:05:08, 22.71, 50.95
2017-06-20 00:05:10, 22.71, 50.95
2017-06-20 00:05:11, 22.71, 50.95
2017-06-20 00:05:13, 22.71, 50.98
2017-06-20 00:05:14, 22.72, 50.98
2017-06-20 00:05:15, 22.7, 50.98
2017-06-20 00:05:17, 22.72, 50.95
2017-06-20 00:05:18, 22.71, 50.95
2017-06-20 00:05:20, 22.71, 50.98
2017-06-20 00:05:21, 22.71, 50.95
2017-06-20 00:05:23, 22.6, 50.97
2017-06-20 00:05:24, 22.67, 51.04
2017-06-20 00:05:26, 22.69, 51.01
2017-06-20 00:05:27, 22.71, 51.01
2017-06-20 00:05:28, 22.7, 51.01
2017-06-20 00:05:30, 22.71, 51.01
2017-06-20 00:05:31, 22.6, 51.03
2017-06-20 00:05:33, 22.68, 51.04
2017-06-20 00:05:34, 22.68, 51.04
2017-06-20 00:05:36, 22.68, 51.04
2017-06-20 00:05:37, 22.68, 51.04
2017-06-20 00:05:39, 22.71, 51.01
2017-06-20 00:05:40, 22.54, 51.05
2017-06-20 00:05:41, 22.63, 51.13
2017-06-20 00:05:43, 22.66, 51.1
2017-06-20 00:05:44, 22.66, 51.1
2017-06-20 00:05:46, 22.66, 51.1
2017-06-20 00:05:47, 22.68, 51.07
2017-06-20 00:05:49, 22.68, 51.07
2017-06-20 00:05:50, 22.69, 51.07
2017-06-20 00:05:52, 22.68, 51.07
2017-06-20 00:05:53, 22.68, 51.04
2017-06-20 00:05:55, 22.68, 51.04
2017-06-20 00:05:56, 22.69, 51.04
2017-06-20 00:05:57, 22.68, 51.07
2017-06-20 00:05:59, 22.68, 51.04
2017-06-20 00:06:00, 22.69, 51.04
2017-06-20 00:06:02, 22.69, 51.04
2017-06-20 00:06:03, 22.67, 51.04
2017-06-20 00:06:05, 22.69, 51.07
2017-06-20 00:06:06, 22.67, 51.04
2017-06-20 00:06:08, 22.58, 51.06
2017-06-20 00:06:09, 22.68, 51.1
2017-06-20 00:06:10, 22.67, 51.07
2017-06-20 00:06:12, 22.67, 51.07
2017-06-20 00:06:14, 22.66, 51.1
2017-06-20 00:06:15, 22.62, 51.1
2017-06-20 00:06:17, 22.6, 51.12
2017-06-20 00:06:19, 22.56, 51.18
2017-06-20 00:06:20, 22.45, 51.23
2017-06-20 00:06:22, 22.46, 51.3
2017-06-20 00:06:23, 22.57, 51.34
2017-06-20 00:06:25, 22.6, 51.31
2017-06-20 00:06:26, 22.63, 51.29
2017-06-20 00:06:28, 22.63, 51.26
2017-06-20 00:06:29, 22.64, 51.26
2017-06-20 00:06:31, 22.58, 51.25
2017-06-20 00:06:32, 22.63, 51.26
2017-06-20 00:06:34, 22.63, 51.22
2017-06-20 00:06:35, 22.63, 51.22
2017-06-20 00:06:37, 22.64, 51.19
2017-06-20 00:06:38, 22.65, 51.19
2017-06-20 00:06:39, 22.51, 51.18
2017-06-20 00:06:41, 22.6, 51.25
2017-06-20 00:06:42, 22.62, 51.22
2017-06-20 00:06:44, 22.64, 51.26
2017-06-20 00:06:45, 22.64, 51.22
2017-06-20 00:06:47, 22.64, 51.22
2017-06-20 00:06:48, 22.65, 51.23
2017-06-20 00:06:50, 22.66, 51.2
2017-06-20 00:06:51, 22.65, 51.19
2017-06-20 00:06:52, 22.65, 51.16
2017-06-20 00:06:54, 22.65, 51.19
2017-06-20 00:06:55, 22.66, 51.16
2017-06-20 00:06:57, 22.66, 51.16
2017-06-20 00:06:58, 22.66, 51.16
2017-06-20 00:07:00, 22.62, 51.16
2017-06-20 00:07:01, 22.49, 51.17
2017-06-20 00:07:03, 22.61, 51.25
2017-06-20 00:07:04, 22.62, 51.25
2017-06-20 00:07:05, 22.62, 51.25
2017-06-20 00:07:07, 22.64, 51.26
2017-06-20 00:07:08, 22.64, 51.22
2017-06-20 00:07:10, 22.5, 51.24
2017-06-20 00:07:11, 22.62, 51.32
2017-06-20 00:07:13, 22.61, 51.32
2017-06-20 00:07:14, 22.62, 51.29
2017-06-20 00:07:16, 22.64, 51.29
2017-06-20 00:07:17, 22.64, 51.26
2017-06-20 00:07:18, 22.64, 51.26
2017-06-20 00:07:20, 22.64, 51.22
2017-06-20 00:07:21, 22.53, 51.21
2017-06-20 00:07:23, 22.61, 51.25
2017-06-20 00:07:24, 22.63, 51.29
2017-06-20 00:07:26, 22.64, 51.26
2017-06-20 00:07:27, 22.64, 51.22
2017-06-20 00:07:29, 22.65, 51.26
2017-06-20 00:07:30, 22.6, 51.22
2017-06-20 00:07:32, 22.62, 51.25
2017-06-20 00:07:33, 22.63, 51.22
2017-06-20 00:07:34, 22.62, 51.25
2017-06-20 00:07:36, 22.48, 51.23
2017-06-20 00:07:37, 22.6, 51.31
2017-06-20 00:07:39, 22.61, 51.32
2017-06-20 00:07:40, 22.63, 51.32
2017-06-20 00:07:42, 22.62, 51.29
2017-06-20 00:07:43, 22.63, 51.29
2017-06-20 00:07:45, 22.64, 51.26
2017-06-20 00:07:46, 22.64, 51.26
2017-06-20 00:07:47, 22.64, 51.26
2017-06-20 00:07:49, 22.64, 51.26
2017-06-20 00:07:50, 22.65, 51.23
2017-06-20 00:07:52, 22.66, 51.23
2017-06-20 00:07:53, 22.65, 51.19
2017-06-20 00:07:55, 22.66, 51.23
2017-06-20 00:07:56, 22.65, 51.23
2017-06-20 00:07:58, 22.64, 51.22
2017-06-20 00:07:59, 22.64, 51.22
2017-06-20 00:08:01, 22.49, 51.24
2017-06-20 00:08:02, 22.58, 51.31
2017-06-20 00:08:03, 22.62, 51.32
2017-06-20 00:08:05, 22.62, 51.29
2017-06-20 00:08:06, 22.5, 51.3
2017-06-20 00:08:08, 22.59, 51.31
2017-06-20 00:08:09, 22.61, 51.32
2017-06-20 00:08:11, 22.61, 51.32
2017-06-20 00:08:12, 22.62, 51.32
2017-06-20 00:08:14, 22.63, 51.29
2017-06-20 00:08:15, 22.63, 51.29
2017-06-20 00:08:16, 22.6, 51.28
2017-06-20 00:08:18, 22.58, 51.28
2017-06-20 00:08:20, 22.54, 51.31
2017-06-20 00:08:21, 22.42, 51.38
2017-06-20 00:08:23, 22.53, 51.46
2017-06-20 00:08:24, 22.56, 51.5
2017-06-20 00:08:25, 22.58, 51.47
2017-06-20 00:08:27, 22.59, 51.44
2017-06-20 00:08:28, 22.62, 51.41
2017-06-20 00:08:30, 22.51, 51.4
2017-06-20 00:08:31, 22.6, 51.41
2017-06-20 00:08:33, 22.61, 51.38
2017-06-20 00:08:34, 22.62, 51.38
2017-06-20 00:08:36, 22.61, 51.38
2017-06-20 00:08:38, 22.5, 51.36
2017-06-20 00:08:39, 22.6, 51.38
2017-06-20 00:08:40, 22.6, 51.38
2017-06-20 00:08:42, 22.61, 51.38
2017-06-20 00:08:43, 22.6, 51.38
2017-06-20 00:08:45, 22.61, 51.38
2017-06-20 00:08:46, 22.6, 51.35
2017-06-20 00:08:48, 22.62, 51.35
2017-06-20 00:08:49, 22.45, 51.36
2017-06-20 00:08:51, 22.4, 51.48
2017-06-20 00:08:52, 22.51, 51.49
2017-06-20 00:08:54, 22.57, 51.53
2017-06-20 00:08:55, 22.59, 51.5
2017-06-20 00:08:57, 22.59, 51.5
2017-06-20 00:08:58, 22.58, 51.47
2017-06-20 00:08:59, 22.55, 51.43
2017-06-20 00:09:01, 22.6, 51.44
2017-06-20 00:09:02, 22.62, 51.44
2017-06-20 00:09:04, 22.61, 51.44
2017-06-20 00:09:05, 22.62, 51.41
2017-06-20 00:09:07, 22.63, 51.41
2017-06-20 00:09:08, 22.62, 51.41
2017-06-20 00:09:10, 22.63, 51.38
2017-06-20 00:09:11, 22.64, 51.38
2017-06-20 00:09:13, 22.63, 51.35
2017-06-20 00:09:14, 22.62, 51.35
2017-06-20 00:09:15, 22.63, 51.38
2017-06-20 00:09:17, 22.64, 51.35
2017-06-20 00:09:18, 22.59, 51.34
2017-06-20 00:09:20, 22.57, 51.37
2017-06-20 00:09:21, 22.6, 51.38
2017-06-20 00:09:23, 22.63, 51.38
2017-06-20 00:09:24, 22.62, 51.38
2017-06-20 00:09:26, 22.63, 51.38
2017-06-20 00:09:27, 22.63, 51.38
2017-06-20 00:09:29, 22.64, 51.35
2017-06-20 00:09:30, 22.46, 51.36
2017-06-20 00:09:31, 22.57, 51.44
2017-06-20 00:09:33, 22.6, 51.44
2017-06-20 00:09:34, 22.62, 51.44
2017-06-20 00:09:36, 22.61, 51.44
2017-06-20 00:09:37, 22.63, 51.41
2017-06-20 00:09:39, 22.62, 51.41
2017-06-20 00:09:40, 22.61, 51.38
2017-06-20 00:09:42, 22.6, 51.41
2017-06-20 00:09:43, 22.63, 51.38
2017-06-20 00:09:45, 22.62, 51.38
2017-06-20 00:09:46, 22.63, 51.38
2017-06-20 00:09:47, 22.63, 51.38
2017-06-20 00:09:49, 22.65, 51.38
2017-06-20 00:09:50, 22.64, 51.35
2017-06-20 00:09:52, 22.65, 51.32
2017-06-20 00:09:53, 22.64, 51.35
2017-06-20 00:09:55, 22.63, 51.35
2017-06-20 00:09:56, 22.62, 51.35
2017-06-20 00:09:58, 22.64, 51.35
2017-06-20 00:09:59, 22.55, 51.34
2017-06-20 00:10:01, 22.61, 51.38
2017-06-20 00:10:02, 22.62, 51.41
2017-06-20 00:10:03, 22.48, 51.42
2017-06-20 00:10:05, 22.58, 51.47
2017-06-20 00:10:06, 22.59, 51.47
2017-06-20 00:10:08, 22.61, 51.44
2017-06-20 00:10:09, 22.62, 51.44
2017-06-20 00:10:11, 22.62, 51.44
2017-06-20 00:10:12, 22.63, 51.44
2017-06-20 00:10:14, 22.62, 51.41
2017-06-20 00:10:15, 22.63, 51.41
2017-06-20 00:10:17, 22.62, 51.38
2017-06-20 00:10:18, 22.54, 51.4
2017-06-20 00:10:19, 22.49, 51.43
2017-06-20 00:10:21, 22.59, 51.47
2017-06-20 00:10:22, 22.59, 51.47
2017-06-20 00:10:24, 22.61, 51.47
2017-06-20 00:10:25, 22.62, 51.44
2017-06-20 00:10:27, 22.62, 51.44
2017-06-20 00:10:28, 22.62, 51.44
2017-06-20 00:10:30, 22.64, 51.41
2017-06-20 00:10:31, 22.64, 51.41
2017-06-20 00:10:32, 22.63, 51.41
2017-06-20 00:10:34, 22.64, 51.38
2017-06-20 00:10:35, 22.63, 51.38
2017-06-20 00:10:37, 22.64, 51.41
2017-06-20 00:10:38, 22.64, 51.38
2017-06-20 00:10:40, 22.56, 51.37
2017-06-20 00:10:41, 22.61, 51.41
2017-06-20 00:10:43, 22.62, 51.38
2017-06-20 00:10:44, 22.64, 51.41
2017-06-20 00:10:46, 22.61, 51.38
2017-06-20 00:10:47, 22.6, 51.41
2017-06-20 00:10:49, 22.56, 51.4
2017-06-20 00:10:50, 22.6, 51.44
2017-06-20 00:10:52, 22.6, 51.44
2017-06-20 00:10:53, 22.62, 51.44
2017-06-20 00:10:55, 22.61, 51.44
2017-06-20 00:10:56, 22.64, 51.45
2017-06-20 00:10:58, 22.63, 51.44
2017-06-20 00:10:59, 22.49, 51.43
2017-06-20 00:11:00, 22.58, 51.5
2017-06-20 00:11:02, 22.6, 51.5
2017-06-20 00:11:03, 22.6, 51.5
2017-06-20 00:11:05, 22.63, 51.48
2017-06-20 00:11:06, 22.62, 51.44
2017-06-20 00:11:08, 22.62, 51.44
2017-06-20 00:11:09, 22.63, 51.44
2017-06-20 00:11:11, 22.63, 51.44
2017-06-20 00:11:12, 22.62, 51.41
2017-06-20 00:11:13, 22.62, 51.41
2017-06-20 00:11:15, 22.62, 51.41
2017-06-20 00:11:16, 22.61, 51.38
2017-06-20 00:11:18, 22.49, 51.39
2017-06-20 00:11:19, 22.59, 51.44
2017-06-20 00:11:21, 22.6, 51.47
2017-06-20 00:11:22, 22.57, 51.47
2017-06-20 00:11:24, 22.6, 51.44
2017-06-20 00:11:25, 22.6, 51.47
2017-06-20 00:11:27, 22.62, 51.44
2017-06-20 00:11:28, 22.6, 51.44
2017-06-20 00:11:30, 22.62, 51.44
2017-06-20 00:11:31, 22.64, 51.45
2017-06-20 00:11:32, 22.63, 51.44
2017-06-20 00:11:34, 22.64, 51.45
2017-06-20 00:11:35, 22.64, 51.41
2017-06-20 00:11:37, 22.61, 51.41
2017-06-20 00:11:38, 22.62, 51.41
2017-06-20 00:11:40, 22.62, 51.38
2017-06-20 00:11:41, 22.62, 51.41
2017-06-20 00:11:43, 22.63, 51.38
2017-06-20 00:11:44, 22.63, 51.38
2017-06-20 00:11:45, 22.63, 51.38
2017-06-20 00:11:47, 22.62, 51.38
2017-06-20 00:11:48, 22.5, 51.39
2017-06-20 00:11:50, 22.6, 51.44
2017-06-20 00:11:51, 22.62, 51.44
2017-06-20 00:11:53, 22.62, 51.44
2017-06-20 00:11:54, 22.61, 51.44
2017-06-20 00:11:56, 22.62, 51.44
2017-06-20 00:11:57, 22.61, 51.44
2017-06-20 00:11:59, 22.46, 51.42
2017-06-20 00:12:00, 22.56, 51.5
2017-06-20 00:12:01, 22.59, 51.53
2017-06-20 00:12:03, 22.59, 51.5
2017-06-20 00:12:04, 22.62, 51.51
2017-06-20 00:12:06, 22.61, 51.5
2017-06-20 00:12:07, 22.62, 51.51
2017-06-20 00:12:09, 22.62, 51.47
2017-06-20 00:12:10, 22.62, 51.44
2017-06-20 00:12:12, 22.63, 51.44
2017-06-20 00:12:13, 22.63, 51.44
2017-06-20 00:12:15, 22.63, 51.44
2017-06-20 00:12:16, 22.62, 51.44
2017-06-20 00:12:17, 22.47, 51.42
2017-06-20 00:12:19, 22.59, 51.5
2017-06-20 00:12:20, 22.61, 51.5
2017-06-20 00:12:22, 22.62, 51.47
2017-06-20 00:12:23, 22.61, 51.47
2017-06-20 00:12:25, 22.61, 51.47
2017-06-20 00:12:26, 22.61, 51.47
2017-06-20 00:12:28, 22.56, 51.43
2017-06-20 00:12:29, 22.62, 51.47
2017-06-20 00:12:31, 22.63, 51.51
2017-06-20 00:12:32, 22.62, 51.44
2017-06-20 00:12:33, 22.63, 51.44
2017-06-20 00:12:35, 22.64, 51.45
2017-06-20 00:12:36, 22.62, 51.44
2017-06-20 00:12:38, 22.64, 51.45
2017-06-20 00:12:39, 22.56, 51.43
2017-06-20 00:12:41, 22.62, 51.44
2017-06-20 00:12:42, 22.58, 51.44
2017-06-20 00:12:44, 22.62, 51.44
2017-06-20 00:12:45, 22.64, 51.45
2017-06-20 00:12:47, 22.61, 51.44
2017-06-20 00:12:48, 22.64, 51.45
2017-06-20 00:12:49, 22.66, 51.45
2017-06-20 00:12:51, 22.65, 51.45
2017-06-20 00:12:52, 22.64, 51.45
2017-06-20 00:12:54, 22.64, 51.45
2017-06-20 00:12:55, 22.64, 51.45
2017-06-20 00:12:57, 22.64, 51.45
2017-06-20 00:12:58, 22.49, 51.43
2017-06-20 00:13:00, 22.6, 51.53
2017-06-20 00:13:01, 22.62, 51.51
2017-06-20 00:13:03, 22.63, 51.51
2017-06-20 00:13:04, 22.61, 51.5
2017-06-20 00:13:05, 22.64, 51.51
2017-06-20 00:13:07, 22.64, 51.48
2017-06-20 00:13:08, 22.65, 51.45
2017-06-20 00:13:10, 22.64, 51.45
2017-06-20 00:13:11, 22.64, 51.45
2017-06-20 00:13:13, 22.64, 51.45
2017-06-20 00:13:14, 22.64, 51.48
2017-06-20 00:13:16, 22.64, 51.45
2017-06-20 00:13:17, 22.51, 51.43
2017-06-20 00:13:18, 22.61, 51.5
2017-06-20 00:13:20, 22.61, 51.5
2017-06-20 00:13:21, 22.64, 51.51
2017-06-20 00:13:23, 22.59, 51.47
2017-06-20 00:13:24, 22.63, 51.48
2017-06-20 00:13:26, 22.64, 51.48
2017-06-20 00:13:27, 22.56, 51.47
2017-06-20 00:13:29, 22.64, 51.48
2017-06-20 00:13:30, 22.52, 51.49
2017-06-20 00:13:32, 22.6, 51.53
2017-06-20 00:13:33, 22.63, 51.54
2017-06-20 00:13:35, 22.63, 51.54
2017-06-20 00:13:36, 22.63, 51.54
2017-06-20 00:13:37, 22.64, 51.48
2017-06-20 00:13:39, 22.64, 51.51
2017-06-20 00:13:40, 22.64, 51.48
2017-06-20 00:13:42, 22.64, 51.48
2017-06-20 00:13:43, 22.63, 51.48
2017-06-20 00:13:45, 22.64, 51.48
2017-06-20 00:13:46, 22.65, 51.45
2017-06-20 00:13:48, 22.65, 51.45
2017-06-20 00:13:49, 22.65, 51.45
2017-06-20 00:13:50, 22.66, 51.45
2017-06-20 00:13:52, 22.64, 51.45
2017-06-20 00:13:53, 22.67, 51.45
2017-06-20 00:13:55, 22.65, 51.45
2017-06-20 00:13:56, 22.65, 51.45
2017-06-20 00:13:58, 22.48, 51.46
2017-06-20 00:13:59, 22.61, 51.54
2017-06-20 00:14:01, 22.63, 51.57
2017-06-20 00:14:02, 22.62, 51.57
2017-06-20 00:14:03, 22.62, 51.54
2017-06-20 00:14:05, 22.64, 51.54
2017-06-20 00:14:06, 22.63, 51.51
2017-06-20 00:14:08, 22.64, 51.51
2017-06-20 00:14:09, 22.65, 51.51
2017-06-20 00:14:11, 22.64, 51.51
2017-06-20 00:14:12, 22.65, 51.48
2017-06-20 00:14:14, 22.62, 51.44
2017-06-20 00:14:15, 22.65, 51.48
2017-06-20 00:14:17, 22.54, 51.46
2017-06-20 00:14:18, 22.62, 51.51
2017-06-20 00:14:19, 22.64, 51.51
2017-06-20 00:14:21, 22.64, 51.51
2017-06-20 00:14:22, 22.64, 51.51
2017-06-20 00:14:24, 22.65, 51.51
2017-06-20 00:14:25, 22.66, 51.48
2017-06-20 00:14:27, 22.59, 51.47
2017-06-20 00:14:28, 22.64, 51.51
2017-06-20 00:14:30, 22.64, 51.48
2017-06-20 00:14:31, 22.66, 51.48
2017-06-20 00:14:33, 22.66, 51.45
2017-06-20 00:14:35, 22.62, 51.51
2017-06-20 00:14:36, 22.5, 51.52
2017-06-20 00:14:37, 22.61, 51.57
2017-06-20 00:14:39, 22.64, 51.57
2017-06-20 00:14:40, 22.64, 51.54
2017-06-20 00:14:42, 22.64, 51.51
2017-06-20 00:14:43, 22.64, 51.51
2017-06-20 00:14:45, 22.66, 51.51
2017-06-20 00:14:46, 22.59, 51.47
2017-06-20 00:14:48, 22.64, 51.51
2017-06-20 00:14:49, 22.63, 51.51
2017-06-20 00:14:50, 22.65, 51.51
2017-06-20 00:14:52, 22.65, 51.51
2017-06-20 00:14:53, 22.65, 51.51
2017-06-20 00:14:55, 22.66, 51.51
2017-06-20 00:14:56, 22.63, 51.48
2017-06-20 00:14:58, 22.65, 51.48
2017-06-20 00:14:59, 22.66, 51.45
2017-06-20 00:15:01, 22.65, 51.48
2017-06-20 00:15:02, 22.66, 51.48
2017-06-20 00:15:04, 22.66, 51.48
2017-06-20 00:15:05, 22.67, 51.45
2017-06-20 00:15:06, 22.66, 51.45
2017-06-20 00:15:08, 22.66, 51.45
2017-06-20 00:15:09, 22.66, 51.45
2017-06-20 00:15:11, 22.66, 51.45
2017-06-20 00:15:12, 22.65, 51.45
2017-06-20 00:15:14, 22.65, 51.45
2017-06-20 00:15:15, 22.64, 51.45
2017-06-20 00:15:17, 22.47, 51.49
2017-06-20 00:15:18, 22.6, 51.57
2017-06-20 00:15:20, 22.63, 51.54
2017-06-20 00:15:21, 22.64, 51.54
2017-06-20 00:15:22, 22.65, 51.54
2017-06-20 00:15:24, 22.65, 51.51
2017-06-20 00:15:25, 22.66, 51.51
2017-06-20 00:15:27, 22.49, 51.52
2017-06-20 00:15:28, 22.6, 51.57
2017-06-20 00:15:30, 22.62, 51.57
2017-06-20 00:15:31, 22.46, 51.58
2017-06-20 00:15:33, 22.58, 51.63
2017-06-20 00:15:34, 22.62, 51.63
2017-06-20 00:15:35, 22.62, 51.63
2017-06-20 00:15:37, 22.63, 51.6
2017-06-20 00:15:38, 22.64, 51.6
2017-06-20 00:15:40, 22.65, 51.57
2017-06-20 00:15:41, 22.64, 51.54
2017-06-20 00:15:43, 22.64, 51.54
2017-06-20 00:15:44, 22.66, 51.51
2017-06-20 00:15:46, 22.56, 51.53
2017-06-20 00:15:47, 22.62, 51.51
2017-06-20 00:15:48, 22.64, 51.54
2017-06-20 00:15:50, 22.64, 51.51
2017-06-20 00:15:51, 22.65, 51.51
2017-06-20 00:15:53, 22.64, 51.51
2017-06-20 00:15:54, 22.66, 51.51
2017-06-20 00:15:56, 22.66, 51.48
2017-06-20 00:15:57, 22.65, 51.48
2017-06-20 00:15:59, 22.65, 51.48
2017-06-20 00:16:00, 22.66, 51.48
2017-06-20 00:16:02, 22.66, 51.48
2017-06-20 00:16:03, 22.66, 51.48
2017-06-20 00:16:04, 22.67, 51.45
2017-06-20 00:16:06, 22.67, 51.45
2017-06-20 00:16:07, 22.67, 51.45
2017-06-20 00:16:09, 22.65, 51.45
2017-06-20 00:16:10, 22.67, 51.45
2017-06-20 00:16:12, 22.66, 51.45
2017-06-20 00:16:13, 22.67, 51.45
2017-06-20 00:16:15, 22.68, 51.45
2017-06-20 00:16:16, 22.53, 51.46
2017-06-20 00:16:18, 22.63, 51.54
2017-06-20 00:16:19, 22.64, 51.54
2017-06-20 00:16:21, 22.66, 51.51
2017-06-20 00:16:22, 22.66, 51.51
2017-06-20 00:16:23, 22.66, 51.48
2017-06-20 00:16:25, 22.67, 51.48
2017-06-20 00:16:26, 22.5, 51.49
2017-06-20 00:16:28, 22.62, 51.57
2017-06-20 00:16:29, 22.64, 51.57
2017-06-20 00:16:31, 22.65, 51.54
2017-06-20 00:16:32, 22.66, 51.51
2017-06-20 00:16:34, 22.66, 51.51
2017-06-20 00:16:35, 22.68, 51.48
2017-06-20 00:16:37, 22.64, 51.45
2017-06-20 00:16:38, 22.68, 51.45
2017-06-20 00:16:39, 22.68, 51.45
2017-06-20 00:16:41, 22.68, 51.45
2017-06-20 00:16:42, 22.68, 51.42
2017-06-20 00:16:44, 22.68, 51.42
2017-06-20 00:16:45, 22.54, 51.4
2017-06-20 00:16:47, 22.66, 51.45
2017-06-20 00:16:48, 22.67, 51.45
2017-06-20 00:16:50, 22.67, 51.45
2017-06-20 00:16:51, 22.67, 51.45
2017-06-20 00:16:52, 22.68, 51.45
2017-06-20 00:16:54, 22.69, 51.42
2017-06-20 00:16:55, 22.65, 51.42
2017-06-20 00:16:57, 22.68, 51.39
2017-06-20 00:16:58, 22.68, 51.39
2017-06-20 00:17:00, 22.7, 51.39
2017-06-20 00:17:01, 22.69, 51.39
2017-06-20 00:17:03, 22.7, 51.39
2017-06-20 00:17:04, 22.69, 51.36
2017-06-20 00:17:05, 22.55, 51.37
2017-06-20 00:17:07, 22.65, 51.45
2017-06-20 00:17:08, 22.66, 51.45
2017-06-20 00:17:10, 22.67, 51.45
2017-06-20 00:17:11, 22.68, 51.42
2017-06-20 00:17:13, 22.68, 51.42
2017-06-20 00:17:14, 22.69, 51.39
2017-06-20 00:17:16, 22.69, 51.39
2017-06-20 00:17:17, 22.7, 51.36
2017-06-20 00:17:19, 22.68, 51.32
2017-06-20 00:17:20, 22.69, 51.33
2017-06-20 00:17:21, 22.68, 51.32
2017-06-20 00:17:23, 22.7, 51.33
2017-06-20 00:17:24, 22.7, 51.33
2017-06-20 00:17:26, 22.55, 51.34
2017-06-20 00:17:27, 22.65, 51.38
2017-06-20 00:17:29, 22.62, 51.38
2017-06-20 00:17:30, 22.66, 51.39
2017-06-20 00:17:32, 22.64, 51.38
2017-06-20 00:17:33, 22.66, 51.39
2017-06-20 00:17:35, 22.68, 51.39
2017-06-20 00:17:36, 22.68, 51.36
2017-06-20 00:17:37, 22.7, 51.36
2017-06-20 00:17:39, 22.69, 51.33
2017-06-20 00:17:40, 22.68, 51.32
2017-06-20 00:17:42, 22.7, 51.3
2017-06-20 00:17:43, 22.7, 51.3
2017-06-20 00:17:45, 22.56, 51.31
2017-06-20 00:17:46, 22.66, 51.35
2017-06-20 00:17:48, 22.68, 51.39
2017-06-20 00:17:49, 22.7, 51.36
2017-06-20 00:17:50, 22.69, 51.33
2017-06-20 00:17:52, 22.7, 51.33
2017-06-20 00:17:53, 22.7, 51.33
2017-06-20 00:17:55, 22.64, 51.32
2017-06-20 00:17:56, 22.69, 51.33
2017-06-20 00:17:58, 22.71, 51.33
2017-06-20 00:17:59, 22.7, 51.3
2017-06-20 00:18:01, 22.7, 51.3
2017-06-20 00:18:02, 22.72, 51.27
2017-06-20 00:18:04, 22.7, 51.26
2017-06-20 00:18:05, 22.71, 51.27
2017-06-20 00:18:07, 22.72, 51.27
2017-06-20 00:18:08, 22.71, 51.27
2017-06-20 00:18:09, 22.71, 51.27
2017-06-20 00:18:11, 22.72, 51.24
2017-06-20 00:18:12, 22.72, 51.24
2017-06-20 00:18:14, 22.69, 51.2
2017-06-20 00:18:15, 22.58, 51.25
2017-06-20 00:18:17, 22.67, 51.26
2017-06-20 00:18:18, 22.7, 51.3
2017-06-20 00:18:20, 22.71, 51.27
2017-06-20 00:18:21, 22.71, 51.27
2017-06-20 00:18:22, 22.72, 51.27
2017-06-20 00:18:24, 22.71, 51.27
2017-06-20 00:18:25, 22.56, 51.25
2017-06-20 00:18:27, 22.68, 51.32
2017-06-20 00:18:28, 22.71, 51.3
2017-06-20 00:18:30, 22.72, 51.27
2017-06-20 00:18:31, 22.71, 51.3
2017-06-20 00:18:33, 22.74, 51.27
2017-06-20 00:18:34, 22.58, 51.28
2017-06-20 00:18:35, 22.68, 51.29
2017-06-20 00:18:37, 22.7, 51.33
2017-06-20 00:18:38, 22.72, 51.33
2017-06-20 00:18:40, 22.72, 51.27
2017-06-20 00:18:41, 22.72, 51.27
2017-06-20 00:18:43, 22.73, 51.27
2017-06-20 00:18:44, 22.58, 51.25
2017-06-20 00:18:46, 22.67, 51.29
2017-06-20 00:18:47, 22.71, 51.33
2017-06-20 00:18:49, 22.73, 51.3
2017-06-20 00:18:50, 22.72, 51.27
2017-06-20 00:18:52, 22.7, 51.26
2017-06-20 00:18:53, 22.73, 51.24
2017-06-20 00:18:54, 22.73, 51.21
2017-06-20 00:18:56, 22.74, 51.21
2017-06-20 00:18:57, 22.75, 51.18
2017-06-20 00:18:59, 22.74, 51.18
2017-06-20 00:19:00, 22.75, 51.15
2017-06-20 00:19:02, 22.76, 51.15
2017-06-20 00:19:03, 22.76, 51.15
2017-06-20 00:19:05, 22.75, 51.15
2017-06-20 00:19:06, 22.74, 51.14
2017-06-20 00:19:07, 22.75, 51.15
2017-06-20 00:19:09, 22.75, 51.11
2017-06-20 00:19:10, 22.76, 51.12
2017-06-20 00:19:12, 22.76, 51.15
2017-06-20 00:19:13, 22.66, 51.1
2017-06-20 00:19:15, 22.59, 51.19
2017-06-20 00:19:16, 22.7, 51.23
2017-06-20 00:19:18, 22.72, 51.24
2017-06-20 00:19:19, 22.73, 51.21
2017-06-20 00:19:21, 22.74, 51.21
2017-06-20 00:19:22, 22.74, 51.18
2017-06-20 00:19:24, 22.74, 51.14
2017-06-20 00:19:25, 22.58, 51.19
2017-06-20 00:19:26, 22.71, 51.23
2017-06-20 00:19:28, 22.56, 51.25
2017-06-20 00:19:29, 22.69, 51.29
2017-06-20 00:19:31, 22.71, 51.33
2017-06-20 00:19:32, 22.72, 51.27
2017-06-20 00:19:34, 22.73, 51.27
2017-06-20 00:19:35, 22.74, 51.24
2017-06-20 00:19:36, 22.74, 51.21
2017-06-20 00:19:38, 22.72, 51.17
2017-06-20 00:19:39, 22.75, 51.18
2017-06-20 00:19:41, 22.75, 51.15
2017-06-20 00:19:42, 22.75, 51.11
2017-06-20 00:19:44, 22.75, 51.11
2017-06-20 00:19:45, 22.76, 51.12
2017-06-20 00:19:47, 22.76, 51.08
2017-06-20 00:19:48, 22.77, 51.08
2017-06-20 00:19:49, 22.78, 51.09
2017-06-20 00:19:51, 22.78, 51.09
2017-06-20 00:19:52, 22.77, 51.05
2017-06-20 00:19:54, 22.71, 51.08
2017-06-20 00:19:55, 22.76, 51.08
2017-06-20 00:19:57, 22.6, 51.12
2017-06-20 00:19:58, 22.72, 51.17
2017-06-20 00:20:00, 22.73, 51.17
2017-06-20 00:20:01, 22.73, 51.17
2017-06-20 00:20:03, 22.77, 51.15
2017-06-20 00:20:04, 22.75, 51.11
2017-06-20 00:20:06, 22.71, 51.11
2017-06-20 00:20:07, 22.72, 51.11
2017-06-20 00:20:09, 22.74, 51.11
2017-06-20 00:20:10, 22.75, 51.08
2017-06-20 00:20:12, 22.75, 51.08
2017-06-20 00:20:13, 22.78, 51.05
2017-06-20 00:20:15, 22.76, 51.08
2017-06-20 00:20:16, 22.77, 51.05
2017-06-20 00:20:18, 22.77, 51.05
2017-06-20 00:20:19, 22.77, 51.02
2017-06-20 00:20:20, 22.78, 51.02
2017-06-20 00:20:22, 22.77, 50.99
2017-06-20 00:20:23, 22.79, 50.99
2017-06-20 00:20:25, 22.79, 50.99
2017-06-20 00:20:26, 22.78, 50.96
2017-06-20 00:20:28, 22.8, 50.96
2017-06-20 00:20:29, 22.8, 50.96
2017-06-20 00:20:31, 22.8, 50.96
2017-06-20 00:20:32, 22.8, 50.93
2017-06-20 00:20:34, 22.81, 50.93
2017-06-20 00:20:35, 22.79, 50.93
2017-06-20 00:20:37, 22.8, 50.96
2017-06-20 00:20:38, 22.81, 50.96
2017-06-20 00:20:39, 22.8, 50.93
2017-06-20 00:20:41, 22.8, 50.93
2017-06-20 00:20:42, 22.8, 50.93
2017-06-20 00:20:44, 22.68, 50.95
2017-06-20 00:20:45, 22.76, 50.96
2017-06-20 00:20:47, 22.79, 50.99
2017-06-20 00:20:48, 22.8, 50.99
2017-06-20 00:20:50, 22.8, 50.96
2017-06-20 00:20:51, 22.81, 50.96
2017-06-20 00:20:52, 22.82, 50.93
2017-06-20 00:20:54, 22.68, 50.95
2017-06-20 00:20:55, 22.78, 50.96
2017-06-20 00:20:57, 22.78, 50.96
2017-06-20 00:20:58, 22.8, 50.96
2017-06-20 00:21:00, 22.8, 50.96
2017-06-20 00:21:01, 22.82, 50.93
2017-06-20 00:21:02, 22.68, 50.92
2017-06-20 00:21:04, 22.77, 50.96
2017-06-20 00:21:05, 22.8, 50.96
2017-06-20 00:21:07, 22.81, 50.93
2017-06-20 00:21:08, 22.82, 50.93
2017-06-20 00:21:10, 22.82, 50.9
2017-06-20 00:21:11, 22.82, 50.9
2017-06-20 00:21:13, 22.67, 50.88
2017-06-20 00:21:14, 22.78, 50.96
2017-06-20 00:21:15, 22.8, 50.96
2017-06-20 00:21:17, 22.79, 50.93
2017-06-20 00:21:18, 22.81, 50.93
2017-06-20 00:21:20, 22.82, 50.9
2017-06-20 00:21:21, 22.82, 50.9
2017-06-20 00:21:23, 22.82, 50.87
2017-06-20 00:21:24, 22.82, 50.87
2017-06-20 00:21:25, 22.83, 50.84
2017-06-20 00:21:27, 22.83, 50.84
2017-06-20 00:21:28, 22.83, 50.84
2017-06-20 00:21:30, 22.84, 50.84
2017-06-20 00:21:31, 22.83, 50.81
2017-06-20 00:21:33, 22.84, 50.81
2017-06-20 00:21:34, 22.83, 50.78
2017-06-20 00:21:36, 22.83, 50.78
2017-06-20 00:21:37, 22.86, 50.78
2017-06-20 00:21:38, 22.84, 50.81
2017-06-20 00:21:40, 22.85, 50.78
2017-06-20 00:21:41, 22.85, 50.78
2017-06-20 00:21:43, 22.8, 50.77
2017-06-20 00:21:44, 22.85, 50.78
2017-06-20 00:21:46, 22.84, 50.78
2017-06-20 00:21:47, 22.84, 50.78
2017-06-20 00:21:48, 22.85, 50.78
2017-06-20 00:21:50, 22.84, 50.78
2017-06-20 00:21:51, 22.85, 50.78
2017-06-20 00:21:53, 22.84, 50.75
2017-06-20 00:21:54, 22.85, 50.72
2017-06-20 00:21:56, 22.86, 50.75
2017-06-20 00:21:57, 22.84, 50.75
2017-06-20 00:21:59, 22.85, 50.72
2017-06-20 00:22:00, 22.85, 50.72
2017-06-20 00:22:01, 22.86, 50.69
2017-06-20 00:22:03, 22.86, 50.72
2017-06-20 00:22:04, 22.84, 50.72
2017-06-20 00:22:06, 22.86, 50.69
2017-06-20 00:22:07, 22.85, 50.72
2017-06-20 00:22:09, 22.88, 50.72
2017-06-20 00:22:10, 22.88, 50.66
2017-06-20 00:22:12, 22.8, 50.65
2017-06-20 00:22:13, 22.7, 50.7
2017-06-20 00:22:14, 22.81, 50.77
2017-06-20 00:22:16, 22.82, 50.78
2017-06-20 00:22:17, 22.84, 50.78
2017-06-20 00:22:19, 22.84, 50.75
2017-06-20 00:22:20, 22.83, 50.71
2017-06-20 00:22:22, 22.86, 50.72
2017-06-20 00:22:23, 22.7, 50.73
2017-06-20 00:22:25, 22.8, 50.77
2017-06-20 00:22:26, 22.83, 50.78
2017-06-20 00:22:27, 22.84, 50.78
2017-06-20 00:22:29, 22.84, 50.75
2017-06-20 00:22:30, 22.71, 50.76
2017-06-20 00:22:32, 22.81, 50.77
2017-06-20 00:22:33, 22.82, 50.78
2017-06-20 00:22:35, 22.83, 50.78
2017-06-20 00:22:36, 22.86, 50.78
2017-06-20 00:22:38, 22.85, 50.75
2017-06-20 00:22:39, 22.84, 50.72
2017-06-20 00:22:40, 22.84, 50.72
2017-06-20 00:22:42, 22.85, 50.72
2017-06-20 00:22:43, 22.84, 50.68
2017-06-20 00:22:45, 22.85, 50.69
2017-06-20 00:22:46, 22.85, 50.69
2017-06-20 00:22:48, 22.86, 50.66
2017-06-20 00:22:49, 22.86, 50.66
2017-06-20 00:22:51, 22.86, 50.66
2017-06-20 00:22:52, 22.85, 50.65
2017-06-20 00:22:53, 22.86, 50.62
2017-06-20 00:22:55, 22.85, 50.62
2017-06-20 00:22:56, 22.87, 50.62
2017-06-20 00:22:58, 22.85, 50.62
2017-06-20 00:22:59, 22.79, 50.58
2017-06-20 00:23:01, 22.84, 50.65
2017-06-20 00:23:02, 22.85, 50.65
2017-06-20 00:23:04, 22.83, 50.65
2017-06-20 00:23:05, 22.82, 50.65
2017-06-20 00:23:07, 22.83, 50.68
2017-06-20 00:23:08, 22.85, 50.65
2017-06-20 00:23:10, 22.85, 50.65
2017-06-20 00:23:11, 22.69, 50.7
2017-06-20 00:23:13, 22.62, 50.75
2017-06-20 00:23:14, 22.78, 50.83
2017-06-20 00:23:16, 22.81, 50.84
2017-06-20 00:23:17, 22.82, 50.84
2017-06-20 00:23:19, 22.83, 50.78
2017-06-20 00:23:20, 22.83, 50.75
2017-06-20 00:23:21, 22.84, 50.72
2017-06-20 00:23:23, 22.68, 50.73
2017-06-20 00:23:24, 22.74, 50.77
2017-06-20 00:23:26, 22.82, 50.78
2017-06-20 00:23:27, 22.83, 50.78
2017-06-20 00:23:29, 22.84, 50.75
2017-06-20 00:23:30, 22.84, 50.72
2017-06-20 00:23:32, 22.84, 50.68
2017-06-20 00:23:33, 22.85, 50.69
2017-06-20 00:23:34, 22.84, 50.65
2017-06-20 00:23:36, 22.86, 50.66
2017-06-20 00:23:37, 22.85, 50.65
2017-06-20 00:23:39, 22.85, 50.62
2017-06-20 00:23:40, 22.86, 50.62
2017-06-20 00:23:42, 22.76, 50.61
2017-06-20 00:23:43, 22.83, 50.65
2017-06-20 00:23:45, 22.84, 50.65
2017-06-20 00:23:46, 22.85, 50.62
2017-06-20 00:23:48, 22.84, 50.59
2017-06-20 00:23:49, 22.86, 50.62
2017-06-20 00:23:50, 22.84, 50.59
2017-06-20 00:23:52, 22.79, 50.58
2017-06-20 00:23:53, 22.84, 50.59
2017-06-20 00:23:55, 22.85, 50.59
2017-06-20 00:23:56, 22.86, 50.59
2017-06-20 00:23:58, 22.86, 50.59
2017-06-20 00:23:59, 22.85, 50.56
2017-06-20 00:24:01, 22.87, 50.59
2017-06-20 00:24:02, 22.86, 50.59
2017-06-20 00:24:04, 22.86, 50.59
2017-06-20 00:24:05, 22.87, 50.59
2017-06-20 00:24:06, 22.86, 50.53
2017-06-20 00:24:08, 22.86, 50.56
2017-06-20 00:24:09, 22.87, 50.53
2017-06-20 00:24:11, 22.87, 50.53
2017-06-20 00:24:12, 22.7, 50.54
2017-06-20 00:24:14, 22.81, 50.62
2017-06-20 00:24:15, 22.83, 50.65
2017-06-20 00:24:17, 22.85, 50.62
2017-06-20 00:24:18, 22.84, 50.59
2017-06-20 00:24:20, 22.84, 50.59
2017-06-20 00:24:21, 22.84, 50.59
2017-06-20 00:24:22, 22.84, 50.62
2017-06-20 00:24:24, 22.84, 50.59
2017-06-20 00:24:25, 22.86, 50.59
2017-06-20 00:24:27, 22.86, 50.59
2017-06-20 00:24:28, 22.85, 50.59
2017-06-20 00:24:30, 22.72, 50.57
2017-06-20 00:24:31, 22.83, 50.62
2017-06-20 00:24:33, 22.82, 50.62
2017-06-20 00:24:34, 22.83, 50.59
2017-06-20 00:24:35, 22.86, 50.59
2017-06-20 00:24:37, 22.84, 50.59
2017-06-20 00:24:38, 22.86, 50.59
2017-06-20 00:24:40, 22.74, 50.58
2017-06-20 00:24:41, 22.74, 50.61
2017-06-20 00:24:43, 22.81, 50.65
2017-06-20 00:24:44, 22.83, 50.65
2017-06-20 00:24:46, 22.84, 50.62
2017-06-20 00:24:47, 22.84, 50.59
2017-06-20 00:24:49, 22.84, 50.59
2017-06-20 00:24:50, 22.84, 50.56
2017-06-20 00:24:51, 22.78, 50.55
2017-06-20 00:24:53, 22.83, 50.59
2017-06-20 00:24:54, 22.84, 50.59
2017-06-20 00:24:56, 22.85, 50.56
2017-06-20 00:24:57, 22.74, 50.58
2017-06-20 00:24:59, 22.82, 50.62
2017-06-20 00:25:00, 22.84, 50.62
2017-06-20 00:25:02, 22.83, 50.59
2017-06-20 00:25:03, 22.84, 50.59
2017-06-20 00:25:05, 22.85, 50.59
2017-06-20 00:25:06, 22.86, 50.56
2017-06-20 00:25:07, 22.85, 50.53
2017-06-20 00:25:09, 22.85, 50.53
2017-06-20 00:25:10, 22.86, 50.53
2017-06-20 00:25:12, 22.86, 50.53
2017-06-20 00:25:13, 22.86, 50.53
2017-06-20 00:25:15, 22.84, 50.53
2017-06-20 00:25:16, 22.86, 50.5
2017-06-20 00:25:18, 22.86, 50.53
2017-06-20 00:25:19, 22.86, 50.53
2017-06-20 00:25:21, 22.85, 50.5
2017-06-20 00:25:22, 22.85, 50.5
2017-06-20 00:25:23, 22.84, 50.49
2017-06-20 00:25:25, 22.86, 50.5
2017-06-20 00:25:26, 22.87, 50.5
2017-06-20 00:25:28, 22.87, 50.47
2017-06-20 00:25:29, 22.87, 50.47
2017-06-20 00:25:31, 22.86, 50.5
2017-06-20 00:25:32, 22.86, 50.47
2017-06-20 00:25:34, 22.84, 50.46
2017-06-20 00:25:35, 22.84, 50.46
2017-06-20 00:25:36, 22.85, 50.46
2017-06-20 00:25:38, 22.86, 50.47
2017-06-20 00:25:39, 22.7, 50.48
2017-06-20 00:25:41, 22.71, 50.54
2017-06-20 00:25:42, 22.8, 50.58
2017-06-20 00:25:44, 22.81, 50.59
2017-06-20 00:25:45, 22.82, 50.55
2017-06-20 00:25:47, 22.83, 50.56
2017-06-20 00:25:48, 22.83, 50.52
2017-06-20 00:25:50, 22.84, 50.53
2017-06-20 00:25:51, 22.77, 50.52
2017-06-20 00:25:52, 22.84, 50.56
2017-06-20 00:25:54, 22.83, 50.52
2017-06-20 00:25:55, 22.84, 50.49
2017-06-20 00:25:57, 22.83, 50.49
2017-06-20 00:25:58, 22.84, 50.49
2017-06-20 00:26:00, 22.85, 50.5
2017-06-20 00:26:01, 22.84, 50.49
2017-06-20 00:26:03, 22.83, 50.49
2017-06-20 00:26:04, 22.83, 50.49
2017-06-20 00:26:05, 22.84, 50.46
2017-06-20 00:26:07, 22.82, 50.46
2017-06-20 00:26:08, 22.84, 50.46
2017-06-20 00:26:10, 22.83, 50.46
2017-06-20 00:26:11, 22.83, 50.46
2017-06-20 00:26:13, 22.82, 50.46
2017-06-20 00:26:14, 22.82, 50.46
2017-06-20 00:26:16, 22.82, 50.46
2017-06-20 00:26:17, 22.82, 50.46
2017-06-20 00:26:19, 22.83, 50.46
2017-06-20 00:26:20, 22.82, 50.46
2017-06-20 00:26:21, 22.84, 50.46
2017-06-20 00:26:23, 22.83, 50.46
2017-06-20 00:26:24, 22.82, 50.46
2017-06-20 00:26:26, 22.84, 50.46
2017-06-20 00:26:27, 22.83, 50.46
2017-06-20 00:26:29, 22.83, 50.46
2017-06-20 00:26:30, 22.84, 50.46
2017-06-20 00:26:32, 22.84, 50.46
2017-06-20 00:26:33, 22.82, 50.46
2017-06-20 00:26:35, 22.83, 50.46
2017-06-20 00:26:36, 22.82, 50.46
2017-06-20 00:26:37, 22.84, 50.46
2017-06-20 00:26:39, 22.67, 50.47
2017-06-20 00:26:40, 22.65, 50.56
2017-06-20 00:26:42, 22.76, 50.61
2017-06-20 00:26:43, 22.79, 50.65
2017-06-20 00:26:45, 22.79, 50.61
2017-06-20 00:26:46, 22.8, 50.58
2017-06-20 00:26:48, 22.81, 50.59
2017-06-20 00:26:49, 22.8, 50.58
2017-06-20 00:26:51, 22.72, 50.54
2017-06-20 00:26:52, 22.8, 50.58
2017-06-20 00:26:54, 22.79, 50.58
2017-06-20 00:26:55, 22.81, 50.55
2017-06-20 00:26:56, 22.81, 50.55
2017-06-20 00:26:58, 22.81, 50.55
2017-06-20 00:26:59, 22.81, 50.52
2017-06-20 00:27:01, 22.82, 50.52
2017-06-20 00:27:02, 22.81, 50.49
2017-06-20 00:27:04, 22.82, 50.49
2017-06-20 00:27:05, 22.82, 50.52
2017-06-20 00:27:07, 22.82, 50.49
2017-06-20 00:27:08, 22.82, 50.49
2017-06-20 00:27:10, 22.81, 50.49
2017-06-20 00:27:11, 22.8, 50.49
2017-06-20 00:27:12, 22.81, 50.49
2017-06-20 00:27:14, 22.82, 50.49
2017-06-20 00:27:15, 22.82, 50.46
2017-06-20 00:27:17, 22.82, 50.49
2017-06-20 00:27:18, 22.81, 50.46
2017-06-20 00:27:20, 22.72, 50.45
2017-06-20 00:27:21, 22.78, 50.52
2017-06-20 00:27:23, 22.8, 50.49
2017-06-20 00:27:24, 22.8, 50.52
2017-06-20 00:27:26, 22.81, 50.52
2017-06-20 00:27:27, 22.82, 50.52
2017-06-20 00:27:28, 22.83, 50.46
2017-06-20 00:27:30, 22.82, 50.49
2017-06-20 00:27:31, 22.82, 50.46
2017-06-20 00:27:33, 22.82, 50.46
2017-06-20 00:27:34, 22.82, 50.46
2017-06-20 00:27:36, 22.81, 50.46
2017-06-20 00:27:37, 22.82, 50.46
2017-06-20 00:27:39, 22.8, 50.46
2017-06-20 00:27:40, 22.63, 50.47
2017-06-20 00:27:41, 22.76, 50.55
2017-06-20 00:27:43, 22.78, 50.55
2017-06-20 00:27:44, 22.78, 50.55
2017-06-20 00:27:46, 22.78, 50.52
2017-06-20 00:27:47, 22.79, 50.52
2017-06-20 00:27:49, 22.8, 50.52
2017-06-20 00:27:50, 22.69, 50.51
2017-06-20 00:27:52, 22.78, 50.52
2017-06-20 00:27:53, 22.78, 50.52
2017-06-20 00:27:55, 22.8, 50.55
2017-06-20 00:27:56, 22.8, 50.52
2017-06-20 00:27:57, 22.8, 50.52
2017-06-20 00:27:59, 22.81, 50.49
2017-06-20 00:28:00, 22.81, 50.49
2017-06-20 00:28:02, 22.82, 50.49
2017-06-20 00:28:03, 22.8, 50.46
2017-06-20 00:28:05, 22.8, 50.46
2017-06-20 00:28:06, 22.8, 50.46
2017-06-20 00:28:08, 22.68, 50.47
2017-06-20 00:28:09, 22.69, 50.51
2017-06-20 00:28:10, 22.77, 50.52
2017-06-20 00:28:12, 22.78, 50.55
2017-06-20 00:28:13, 22.79, 50.52
2017-06-20 00:28:15, 22.8, 50.52
2017-06-20 00:28:16, 22.79, 50.49
2017-06-20 00:28:18, 22.8, 50.52
2017-06-20 00:28:19, 22.8, 50.49
2017-06-20 00:28:21, 22.8, 50.49
2017-06-20 00:28:22, 22.8, 50.49
2017-06-20 00:28:24, 22.8, 50.49
2017-06-20 00:28:25, 22.8, 50.46
2017-06-20 00:28:26, 22.81, 50.46
2017-06-20 00:28:28, 22.81, 50.46
2017-06-20 00:28:29, 22.81, 50.43
2017-06-20 00:28:31, 22.81, 50.46
2017-06-20 00:28:32, 22.81, 50.46
2017-06-20 00:28:34, 22.8, 50.43
2017-06-20 00:28:35, 22.79, 50.46
2017-06-20 00:28:37, 22.8, 50.43
2017-06-20 00:28:38, 22.8, 50.46
2017-06-20 00:28:40, 22.8, 50.46
2017-06-20 00:28:41, 22.8, 50.43
2017-06-20 00:28:42, 22.81, 50.43
2017-06-20 00:28:44, 22.8, 50.43
2017-06-20 00:28:45, 22.8, 50.46
2017-06-20 00:28:47, 22.81, 50.43
2017-06-20 00:28:48, 22.81, 50.43
2017-06-20 00:28:50, 22.7, 50.41
2017-06-20 00:28:51, 22.79, 50.46
2017-06-20 00:28:53, 22.8, 50.46
2017-06-20 00:28:54, 22.67, 50.47
2017-06-20 00:28:56, 22.76, 50.52
2017-06-20 00:28:57, 22.78, 50.52
2017-06-20 00:28:58, 22.79, 50.52
2017-06-20 00:29:00, 22.79, 50.52
2017-06-20 00:29:01, 22.8, 50.49
2017-06-20 00:29:03, 22.8, 50.46
2017-06-20 00:29:04, 22.8, 50.46
2017-06-20 00:29:06, 22.81, 50.46
2017-06-20 00:29:07, 22.66, 50.47
2017-06-20 00:29:09, 22.64, 50.5
2017-06-20 00:29:10, 22.74, 50.58
2017-06-20 00:29:11, 22.76, 50.58
2017-06-20 00:29:13, 22.77, 50.55
2017-06-20 00:29:14, 22.77, 50.52
2017-06-20 00:29:16, 22.78, 50.52
2017-06-20 00:29:17, 22.78, 50.52
2017-06-20 00:29:19, 22.79, 50.49
2017-06-20 00:29:20, 22.78, 50.49
2017-06-20 00:29:22, 22.77, 50.45
2017-06-20 00:29:23, 22.78, 50.45
2017-06-20 00:29:25, 22.78, 50.45
2017-06-20 00:29:26, 22.78, 50.42
2017-06-20 00:29:27, 22.78, 50.42
2017-06-20 00:29:29, 22.8, 50.43
2017-06-20 00:29:30, 22.79, 50.46
2017-06-20 00:29:32, 22.8, 50.43
2017-06-20 00:29:33, 22.8, 50.43
2017-06-20 00:29:35, 22.79, 50.42
2017-06-20 00:29:36, 22.81, 50.43
2017-06-20 00:29:38, 22.82, 50.4
2017-06-20 00:29:39, 22.8, 50.39
2017-06-20 00:29:40, 22.8, 50.39
2017-06-20 00:29:42, 22.8, 50.39
2017-06-20 00:29:43, 22.79, 50.39
2017-06-20 00:29:45, 22.8, 50.39
2017-06-20 00:29:46, 22.97, 50.42
2017-06-20 00:29:48, 22.83, 50.34
2017-06-20 00:29:49, 22.71, 50.32
2017-06-20 00:29:51, 22.78, 50.39
2017-06-20 00:29:52, 22.78, 50.36
2017-06-20 00:29:54, 22.78, 50.39
2017-06-20 00:29:55, 22.81, 50.4
2017-06-20 00:29:56, 22.8, 50.39
2017-06-20 00:29:58, 22.77, 50.39
2017-06-20 00:29:59, 22.8, 50.36
2017-06-20 00:30:01, 22.8, 50.39
2017-06-20 00:30:02, 22.8, 50.36
2017-06-20 00:30:04, 22.8, 50.36
2017-06-20 00:30:05, 22.81, 50.4
2017-06-20 00:30:07, 22.8, 50.33
2017-06-20 00:30:08, 22.65, 50.37
2017-06-20 00:30:10, 22.71, 50.45
2017-06-20 00:30:11, 22.73, 50.45
2017-06-20 00:30:13, 22.74, 50.48
2017-06-20 00:30:14, 22.77, 50.49
2017-06-20 00:30:16, 22.78, 50.45
2017-06-20 00:30:17, 22.79, 50.46
2017-06-20 00:30:19, 22.73, 50.45
2017-06-20 00:30:20, 22.76, 50.45
2017-06-20 00:30:22, 22.78, 50.45
2017-06-20 00:30:23, 22.77, 50.45
2017-06-20 00:30:25, 22.78, 50.42
2017-06-20 00:30:26, 22.8, 50.39
2017-06-20 00:30:27, 22.8, 50.43
2017-06-20 00:30:29, 22.79, 50.39
2017-06-20 00:30:30, 22.8, 50.39
2017-06-20 00:30:32, 22.8, 50.39
2017-06-20 00:30:33, 22.8, 50.36
2017-06-20 00:30:35, 22.8, 50.36
2017-06-20 00:30:36, 22.66, 50.38
2017-06-20 00:30:38, 22.66, 50.44
2017-06-20 00:30:39, 22.75, 50.51
2017-06-20 00:30:40, 22.77, 50.49
2017-06-20 00:30:42, 22.78, 50.49
2017-06-20 00:30:43, 22.78, 50.45
2017-06-20 00:30:45, 22.78, 50.45
2017-06-20 00:30:46, 22.77, 50.42
2017-06-20 00:30:48, 22.79, 50.42
2017-06-20 00:30:49, 22.78, 50.42
2017-06-20 00:30:51, 22.79, 50.39
2017-06-20 00:30:52, 22.79, 50.39
2017-06-20 00:30:54, 22.8, 50.39
2017-06-20 00:30:55, 22.8, 50.39
2017-06-20 00:30:56, 22.8, 50.39
2017-06-20 00:30:58, 22.8, 50.36
2017-06-20 00:30:59, 22.8, 50.36
2017-06-20 00:31:01, 22.8, 50.33
2017-06-20 00:31:02, 22.79, 50.33
2017-06-20 00:31:04, 22.8, 50.36
2017-06-20 00:31:05, 22.76, 50.33
2017-06-20 00:31:07, 22.79, 50.33
2017-06-20 00:31:08, 22.8, 50.33
2017-06-20 00:31:09, 22.8, 50.33
2017-06-20 00:31:11, 22.8, 50.33
2017-06-20 00:31:12, 22.8, 50.33
2017-06-20 00:31:14, 22.8, 50.3
2017-06-20 00:31:15, 22.8, 50.33
2017-06-20 00:31:17, 22.8, 50.33
2017-06-20 00:31:18, 22.73, 50.32
2017-06-20 00:31:20, 22.78, 50.33
2017-06-20 00:31:21, 22.8, 50.36
2017-06-20 00:31:23, 22.8, 50.36
2017-06-20 00:31:24, 22.8, 50.33
2017-06-20 00:31:25, 22.8, 50.33
2017-06-20 00:31:27, 22.8, 50.3
2017-06-20 00:31:28, 22.81, 50.33
2017-06-20 00:31:30, 22.8, 50.3
2017-06-20 00:31:31, 22.8, 50.3
2017-06-20 00:31:33, 22.8, 50.3
2017-06-20 00:31:34, 22.8, 50.33
2017-06-20 00:31:36, 22.63, 50.34
2017-06-20 00:31:37, 22.64, 50.4
2017-06-20 00:31:39, 22.74, 50.48
2017-06-20 00:31:40, 22.77, 50.49
2017-06-20 00:31:41, 22.77, 50.45
2017-06-20 00:31:43, 22.78, 50.42
2017-06-20 00:31:44, 22.78, 50.39
2017-06-20 00:31:46, 22.78, 50.39
2017-06-20 00:31:47, 22.78, 50.36
2017-06-20 00:31:49, 22.78, 50.33
2017-06-20 00:31:50, 22.78, 50.33
2017-06-20 00:31:52, 22.72, 50.32
2017-06-20 00:31:53, 22.78, 50.33
2017-06-20 00:31:55, 22.78, 50.33
2017-06-20 00:31:56, 22.79, 50.33
2017-06-20 00:31:57, 22.8, 50.33
2017-06-20 00:31:59, 22.78, 50.33
2017-06-20 00:32:00, 22.78, 50.33
2017-06-20 00:32:02, 22.79, 50.33
2017-06-20 00:32:03, 22.78, 50.3
2017-06-20 00:32:05, 22.73, 50.29
2017-06-20 00:32:06, 22.78, 50.33
2017-06-20 00:32:08, 22.78, 50.33
2017-06-20 00:32:09, 22.77, 50.33
2017-06-20 00:32:10, 22.77, 50.33
2017-06-20 00:32:12, 22.78, 50.33
2017-06-20 00:32:13, 22.78, 50.3
2017-06-20 00:32:15, 22.76, 50.33
2017-06-20 00:32:16, 22.78, 50.27
2017-06-20 00:32:18, 22.7, 50.25
2017-06-20 00:32:19, 22.75, 50.29
2017-06-20 00:32:21, 22.77, 50.3
2017-06-20 00:32:22, 22.77, 50.3
2017-06-20 00:32:23, 22.63, 50.31
2017-06-20 00:32:25, 22.72, 50.35
2017-06-20 00:32:26, 22.74, 50.35
2017-06-20 00:32:28, 22.76, 50.39
2017-06-20 00:32:29, 22.77, 50.33
2017-06-20 00:32:31, 22.77, 50.33
2017-06-20 00:32:32, 22.77, 50.33
2017-06-20 00:32:34, 22.78, 50.3
2017-06-20 00:32:35, 22.78, 50.3
2017-06-20 00:32:37, 22.68, 50.28
2017-06-20 00:32:38, 22.76, 50.33
2017-06-20 00:32:40, 22.77, 50.33
2017-06-20 00:32:41, 22.76, 50.33
2017-06-20 00:32:42, 22.76, 50.33
2017-06-20 00:32:44, 22.78, 50.33
2017-06-20 00:32:45, 22.78, 50.3
2017-06-20 00:32:47, 22.79, 50.3
2017-06-20 00:32:48, 22.78, 50.27
2017-06-20 00:32:50, 22.8, 50.27
2017-06-20 00:32:51, 22.62, 50.31
2017-06-20 00:32:53, 22.73, 50.32
2017-06-20 00:32:54, 22.76, 50.36
2017-06-20 00:32:55, 22.76, 50.36
2017-06-20 00:32:57, 22.76, 50.33
2017-06-20 00:32:58, 22.78, 50.33
2017-06-20 00:33:00, 22.78, 50.3
2017-06-20 00:33:01, 22.76, 50.29
2017-06-20 00:33:03, 22.78, 50.3
2017-06-20 00:33:04, 22.66, 50.31
2017-06-20 00:33:06, 22.75, 50.29
2017-06-20 00:33:07, 22.76, 50.33
2017-06-20 00:33:09, 22.76, 50.33
2017-06-20 00:33:10, 22.77, 50.3
2017-06-20 00:33:11, 22.76, 50.33
2017-06-20 00:33:13, 22.79, 50.27
2017-06-20 00:33:14, 22.78, 50.3
2017-06-20 00:33:16, 22.78, 50.27
2017-06-20 00:33:17, 22.69, 50.25
2017-06-20 00:33:19, 22.78, 50.33
2017-06-20 00:33:20, 22.78, 50.33
2017-06-20 00:33:22, 22.78, 50.3
2017-06-20 00:33:23, 22.78, 50.27
2017-06-20 00:33:25, 22.79, 50.27
2017-06-20 00:33:26, 22.79, 50.27
2017-06-20 00:33:27, 22.79, 50.3
2017-06-20 00:33:29, 22.78, 50.27
2017-06-20 00:33:30, 22.79, 50.27
2017-06-20 00:33:32, 22.8, 50.24
2017-06-20 00:33:33, 22.8, 50.24
2017-06-20 00:33:35, 22.78, 50.23
2017-06-20 00:33:36, 22.72, 50.26
2017-06-20 00:33:38, 22.78, 50.27
2017-06-20 00:33:39, 22.78, 50.27
2017-06-20 00:33:40, 22.78, 50.23
2017-06-20 00:33:42, 22.78, 50.27
2017-06-20 00:33:43, 22.78, 50.23
2017-06-20 00:33:45, 22.8, 50.24
2017-06-20 00:33:46, 22.79, 50.23
2017-06-20 00:33:48, 22.79, 50.23
2017-06-20 00:33:49, 22.78, 50.23
2017-06-20 00:33:51, 22.78, 50.2
2017-06-20 00:33:52, 22.78, 50.23
2017-06-20 00:33:54, 22.79, 50.2
2017-06-20 00:33:55, 22.79, 50.23
2017-06-20 00:33:56, 22.8, 50.24
2017-06-20 00:33:58, 22.79, 50.2
2017-06-20 00:33:59, 22.8, 50.2
2017-06-20 00:34:01, 22.82, 50.24
2017-06-20 00:34:02, 22.8, 50.2
2017-06-20 00:34:04, 22.67, 50.22
2017-06-20 00:34:05, 22.76, 50.26
2017-06-20 00:34:07, 22.6, 50.3
2017-06-20 00:34:08, 22.74, 50.35
2017-06-20 00:34:10, 22.76, 50.36
2017-06-20 00:34:11, 22.77, 50.36
2017-06-20 00:34:12, 22.78, 50.33
2017-06-20 00:34:14, 22.78, 50.3
2017-06-20 00:34:15, 22.8, 50.3
2017-06-20 00:34:17, 22.69, 50.25
2017-06-20 00:34:18, 22.76, 50.29
2017-06-20 00:34:20, 22.78, 50.3
2017-06-20 00:34:21, 22.78, 50.3
2017-06-20 00:34:23, 22.79, 50.27
2017-06-20 00:34:24, 22.79, 50.27
2017-06-20 00:34:26, 22.8, 50.27
2017-06-20 00:34:27, 22.78, 50.23
2017-06-20 00:34:28, 22.78, 50.23
2017-06-20 00:34:30, 22.79, 50.2
2017-06-20 00:34:31, 22.8, 50.2
2017-06-20 00:34:33, 22.77, 50.2
2017-06-20 00:34:34, 22.76, 50.2
2017-06-20 00:34:36, 22.67, 50.19
2017-06-20 00:34:38, 22.74, 50.26
2017-06-20 00:34:39, 22.78, 50.27
2017-06-20 00:34:40, 22.78, 50.27
2017-06-20 00:34:42, 22.78, 50.23
2017-06-20 00:34:43, 22.78, 50.23
2017-06-20 00:34:45, 22.79, 50.23
2017-06-20 00:34:46, 22.77, 50.23
2017-06-20 00:34:48, 22.78, 50.2
2017-06-20 00:34:49, 22.79, 50.2
2017-06-20 00:34:51, 22.78, 50.2
2017-06-20 00:34:52, 22.79, 50.17
2017-06-20 00:34:54, 22.76, 50.17
2017-06-20 00:34:55, 22.76, 50.2
2017-06-20 00:34:57, 22.76, 50.23
2017-06-20 00:34:58, 22.75, 50.23
2017-06-20 00:35:00, 22.75, 50.2
2017-06-20 00:35:01, 22.79, 50.2
2017-06-20 00:35:03, 22.7, 50.19
2017-06-20 00:35:04, 22.78, 50.23
2017-06-20 00:35:06, 22.7, 50.22
2017-06-20 00:35:07, 22.76, 50.26
2017-06-20 00:35:09, 22.79, 50.23
2017-06-20 00:35:10, 22.79, 50.2
2017-06-20 00:35:11, 22.79, 50.2
2017-06-20 00:35:13, 22.79, 50.2
2017-06-20 00:35:14, 22.8, 50.17
2017-06-20 00:35:16, 22.8, 50.17
2017-06-20 00:35:17, 22.8, 50.17
2017-06-20 00:35:19, 22.81, 50.17
2017-06-20 00:35:20, 22.81, 50.14
2017-06-20 00:35:22, 22.8, 50.14
2017-06-20 00:35:23, 22.81, 50.14
2017-06-20 00:35:25, 22.81, 50.14
2017-06-20 00:35:26, 22.8, 50.14
2017-06-20 00:35:28, 22.81, 50.14
2017-06-20 00:35:29, 22.81, 50.14
2017-06-20 00:35:30, 22.82, 50.14
2017-06-20 00:35:32, 22.8, 50.11
2017-06-20 00:35:33, 22.8, 50.14
2017-06-20 00:35:35, 22.82, 50.14
2017-06-20 00:35:36, 22.82, 50.14
2017-06-20 00:35:38, 22.81, 50.11
2017-06-20 00:35:39, 22.81, 50.11
2017-06-20 00:35:41, 22.82, 50.11
2017-06-20 00:35:42, 22.81, 50.08
2017-06-20 00:35:44, 22.82, 50.11
2017-06-20 00:35:45, 22.8, 50.08
2017-06-20 00:35:46, 22.81, 50.11
2017-06-20 00:35:48, 22.8, 50.08
2017-06-20 00:35:49, 22.69, 50.1
2017-06-20 00:35:51, 22.78, 50.14
2017-06-20 00:35:52, 22.79, 50.14
2017-06-20 00:35:54, 22.79, 50.14
2017-06-20 00:35:55, 22.8, 50.14
2017-06-20 00:35:57, 22.78, 50.11
2017-06-20 00:35:58, 22.81, 50.11
2017-06-20 00:35:59, 22.8, 50.11
2017-06-20 00:36:01, 22.8, 50.11
2017-06-20 00:36:02, 22.82, 50.11
2017-06-20 00:36:04, 22.8, 50.08
2017-06-20 00:36:05, 22.7, 50.1
2017-06-20 00:36:07, 22.78, 50.14
2017-06-20 00:36:08, 22.8, 50.14
2017-06-20 00:36:10, 22.8, 50.14
2017-06-20 00:36:11, 22.82, 50.11
2017-06-20 00:36:13, 22.8, 50.11
2017-06-20 00:36:14, 22.81, 50.11
2017-06-20 00:36:15, 22.81, 50.11
2017-06-20 00:36:17, 22.81, 50.11
2017-06-20 00:36:18, 22.72, 50.07
2017-06-20 00:36:20, 22.79, 50.14
2017-06-20 00:36:21, 22.8, 50.11
2017-06-20 00:36:23, 22.8, 50.11
2017-06-20 00:36:24, 22.82, 50.08
2017-06-20 00:36:26, 22.79, 50.08
2017-06-20 00:36:27, 22.82, 50.08
2017-06-20 00:36:28, 22.8, 50.08
2017-06-20 00:36:30, 22.82, 50.08
2017-06-20 00:36:31, 22.81, 50.08
2017-06-20 00:36:33, 22.81, 50.08
2017-06-20 00:36:34, 22.82, 50.05
2017-06-20 00:36:36, 22.81, 50.05
2017-06-20 00:36:37, 22.82, 50.08
2017-06-20 00:36:39, 22.82, 50.08
2017-06-20 00:36:40, 22.82, 50.05
2017-06-20 00:36:42, 22.82, 50.05
2017-06-20 00:36:43, 22.83, 50.05
2017-06-20 00:36:44, 22.83, 50.05
2017-06-20 00:36:46, 22.68, 50.06
2017-06-20 00:36:47, 22.79, 50.14
2017-06-20 00:36:49, 22.8, 50.11
2017-06-20 00:36:50, 22.8, 50.08
2017-06-20 00:36:52, 22.8, 50.08
2017-06-20 00:36:53, 22.78, 50.08
2017-06-20 00:36:55, 22.82, 50.08
2017-06-20 00:36:56, 22.82, 50.08
2017-06-20 00:36:58, 22.82, 50.05
2017-06-20 00:36:59, 22.82, 50.05
2017-06-20 00:37:00, 22.82, 50.05
2017-06-20 00:37:02, 22.68, 50.06
2017-06-20 00:37:03, 22.77, 50.11
2017-06-20 00:37:05, 22.68, 50.13
2017-06-20 00:37:06, 22.77, 50.17
2017-06-20 00:37:08, 22.8, 50.14
2017-06-20 00:37:09, 22.78, 50.14
2017-06-20 00:37:11, 22.8, 50.14
2017-06-20 00:37:12, 22.79, 50.11
2017-06-20 00:37:14, 22.8, 50.11
2017-06-20 00:37:15, 22.81, 50.08
2017-06-20 00:37:17, 22.8, 50.08
2017-06-20 00:37:18, 22.8, 50.08
2017-06-20 00:37:19, 22.73, 50.04
2017-06-20 00:37:21, 22.78, 50.08
2017-06-20 00:37:22, 22.8, 50.08
2017-06-20 00:37:24, 22.8, 50.05
2017-06-20 00:37:25, 22.82, 50.08
2017-06-20 00:37:27, 22.82, 50.08
2017-06-20 00:37:28, 22.82, 50.05
2017-06-20 00:37:30, 22.82, 50.02
2017-06-20 00:37:31, 22.75, 50.04
2017-06-20 00:37:32, 22.8, 50.05
2017-06-20 00:37:34, 22.81, 50.05
2017-06-20 00:37:35, 22.82, 50.05
2017-06-20 00:37:37, 22.82, 50.05
2017-06-20 00:37:38, 22.81, 50.05
2017-06-20 00:37:40, 22.82, 50.02
2017-06-20 00:37:41, 22.83, 50.02
2017-06-20 00:37:43, 22.82, 50.02
2017-06-20 00:37:44, 22.76, 50.01
2017-06-20 00:37:46, 22.65, 50.06
2017-06-20 00:37:47, 22.76, 50.14
2017-06-20 00:37:49, 22.78, 50.14
2017-06-20 00:37:50, 22.79, 50.14
2017-06-20 00:37:51, 22.79, 50.11
2017-06-20 00:37:53, 22.8, 50.08
2017-06-20 00:37:54, 22.82, 50.08
2017-06-20 00:37:56, 22.82, 50.08
2017-06-20 00:37:57, 22.81, 50.08
2017-06-20 00:37:59, 22.8, 50.05
2017-06-20 00:38:00, 22.81, 50.05
2017-06-20 00:38:02, 22.81, 50.02
2017-06-20 00:38:03, 22.82, 50.05
2017-06-20 00:38:04, 22.67, 50.06
2017-06-20 00:38:06, 22.78, 50.08
2017-06-20 00:38:07, 22.79, 50.11
2017-06-20 00:38:09, 22.8, 50.08
2017-06-20 00:38:10, 22.8, 50.08
2017-06-20 00:38:12, 22.78, 50.08
2017-06-20 00:38:13, 22.8, 50.05
2017-06-20 00:38:15, 22.75, 50.04
2017-06-20 00:38:16, 22.81, 50.08
2017-06-20 00:38:18, 22.7, 50.06
2017-06-20 00:38:19, 22.79, 50.08
2017-06-20 00:38:20, 22.8, 50.08
2017-06-20 00:38:22, 22.81, 50.08
2017-06-20 00:38:23, 22.8, 50.05
2017-06-20 00:38:25, 22.82, 50.05
2017-06-20 00:38:26, 22.82, 50.02
2017-06-20 00:38:28, 22.82, 50.02
2017-06-20 00:38:29, 22.82, 50.02
2017-06-20 00:38:31, 22.71, 50.0
2017-06-20 00:38:32, 22.79, 50.05
2017-06-20 00:38:33, 22.8, 50.05
2017-06-20 00:38:35, 22.8, 50.01
2017-06-20 00:38:36, 22.82, 50.05
2017-06-20 00:38:38, 22.81, 50.02
2017-06-20 00:38:39, 22.82, 50.02
2017-06-20 00:38:41, 22.82, 50.02
2017-06-20 00:38:42, 22.82, 50.02
2017-06-20 00:38:44, 22.83, 49.99
2017-06-20 00:38:45, 22.68, 50.0
2017-06-20 00:38:47, 22.78, 50.08
2017-06-20 00:38:48, 22.8, 50.05
2017-06-20 00:38:49, 22.8, 50.05
2017-06-20 00:38:51, 22.81, 50.02
2017-06-20 00:38:52, 22.82, 50.02
2017-06-20 00:38:54, 22.83, 50.02
2017-06-20 00:38:55, 22.83, 49.99
2017-06-20 00:38:57, 22.84, 49.99
2017-06-20 00:38:58, 22.84, 49.96
2017-06-20 00:39:00, 22.81, 49.98
2017-06-20 00:39:01, 22.83, 49.96
2017-06-20 00:39:03, 22.84, 49.96
2017-06-20 00:39:04, 22.69, 49.97
2017-06-20 00:39:05, 22.8, 50.05
2017-06-20 00:39:07, 22.82, 50.05
2017-06-20 00:39:08, 22.82, 50.02
2017-06-20 00:39:10, 22.84, 50.02
2017-06-20 00:39:11, 22.84, 49.99
2017-06-20 00:39:13, 22.84, 49.99
2017-06-20 00:39:14, 22.82, 49.99
2017-06-20 00:39:16, 22.83, 49.96
2017-06-20 00:39:17, 22.84, 49.96
2017-06-20 00:39:18, 22.84, 49.96
2017-06-20 00:39:20, 22.82, 49.95
2017-06-20 00:39:21, 22.83, 49.92
2017-06-20 00:39:23, 22.83, 49.89
2017-06-20 00:39:24, 22.83, 49.89
2017-06-20 00:39:26, 22.84, 49.89
2017-06-20 00:39:27, 22.84, 49.89
2017-06-20 00:39:29, 22.84, 49.89
2017-06-20 00:39:30, 22.72, 49.88
2017-06-20 00:39:31, 22.8, 49.95
2017-06-20 00:39:33, 22.81, 49.95
2017-06-20 00:39:34, 22.82, 49.95
2017-06-20 00:39:36, 22.83, 49.96
2017-06-20 00:39:37, 22.82, 49.92
2017-06-20 00:39:39, 22.83, 49.89
2017-06-20 00:39:40, 22.84, 49.89
2017-06-20 00:39:42, 22.82, 49.89
2017-06-20 00:39:43, 22.82, 49.89
2017-06-20 00:39:45, 22.76, 49.88
2017-06-20 00:39:46, 22.8, 49.92
2017-06-20 00:39:47, 22.81, 49.89
2017-06-20 00:39:49, 22.82, 49.89
2017-06-20 00:39:50, 22.83, 49.89
2017-06-20 00:39:52, 22.83, 49.89
2017-06-20 00:39:53, 22.84, 49.89
2017-06-20 00:39:55, 22.84, 49.86
2017-06-20 00:39:56, 22.85, 49.86
2017-06-20 00:39:58, 22.85, 49.86
2017-06-20 00:39:59, 22.84, 49.83
2017-06-20 00:40:00, 22.84, 49.83
2017-06-20 00:40:02, 22.84, 49.83
2017-06-20 00:40:03, 22.86, 49.83
2017-06-20 00:40:05, 22.85, 49.83
2017-06-20 00:40:06, 22.84, 49.83
2017-06-20 00:40:08, 22.85, 49.83
2017-06-20 00:40:09, 22.86, 49.83
2017-06-20 00:40:11, 22.85, 49.83
2017-06-20 00:40:12, 22.86, 49.83
2017-06-20 00:40:14, 22.82, 49.83
2017-06-20 00:40:15, 22.84, 49.8
2017-06-20 00:40:16, 22.86, 49.8
2017-06-20 00:40:18, 22.86, 49.83
2017-06-20 00:40:19, 22.86, 49.8
2017-06-20 00:40:21, 22.86, 49.83
2017-06-20 00:40:22, 22.85, 49.8
2017-06-20 00:40:24, 22.86, 49.8
2017-06-20 00:40:25, 22.87, 49.8
2017-06-20 00:40:27, 22.84, 49.8
2017-06-20 00:40:28, 22.85, 49.8
2017-06-20 00:40:30, 22.7, 49.81
2017-06-20 00:40:31, 22.79, 49.89
2017-06-20 00:40:32, 22.83, 49.89
2017-06-20 00:40:34, 22.84, 49.89
2017-06-20 00:40:35, 22.85, 49.86
2017-06-20 00:40:37, 22.86, 49.86
2017-06-20 00:40:38, 22.87, 49.87
2017-06-20 00:40:40, 22.85, 49.83
2017-06-20 00:40:41, 22.85, 49.83
2017-06-20 00:40:43, 22.84, 49.83
2017-06-20 00:40:44, 22.69, 49.84
2017-06-20 00:40:46, 22.78, 49.92
2017-06-20 00:40:47, 22.82, 49.92
2017-06-20 00:40:48, 22.82, 49.89
2017-06-20 00:40:50, 22.84, 49.86
2017-06-20 00:40:51, 22.85, 49.86
2017-06-20 00:40:53, 22.85, 49.86
2017-06-20 00:40:54, 22.85, 49.83
2017-06-20 00:40:56, 22.85, 49.83
2017-06-20 00:40:57, 22.86, 49.83
2017-06-20 00:40:59, 22.79, 49.82
2017-06-20 00:41:00, 22.86, 49.83
2017-06-20 00:41:02, 22.84, 49.83
2017-06-20 00:41:03, 22.71, 49.84
2017-06-20 00:41:04, 22.8, 49.89
2017-06-20 00:41:06, 22.83, 49.89
2017-06-20 00:41:07, 22.83, 49.86
2017-06-20 00:41:09, 22.84, 49.86
2017-06-20 00:41:10, 22.85, 49.86
2017-06-20 00:41:12, 22.84, 49.83
2017-06-20 00:41:13, 22.77, 49.82
2017-06-20 00:41:15, 22.68, 49.87
2017-06-20 00:41:16, 22.78, 49.92
2017-06-20 00:41:18, 22.82, 49.95
2017-06-20 00:41:19, 22.84, 49.89
2017-06-20 00:41:20, 22.86, 49.86
2017-06-20 00:41:22, 22.85, 49.83
2017-06-20 00:41:23, 22.85, 49.86
2017-06-20 00:41:25, 22.84, 49.83
2017-06-20 00:41:26, 22.85, 49.83
2017-06-20 00:41:28, 22.84, 49.8
2017-06-20 00:41:29, 22.86, 49.8
2017-06-20 00:41:31, 22.85, 49.77
2017-06-20 00:41:32, 22.85, 49.77
2017-06-20 00:41:33, 22.86, 49.74
2017-06-20 00:41:35, 22.86, 49.74
2017-06-20 00:41:36, 22.86, 49.74
2017-06-20 00:41:38, 22.86, 49.71
2017-06-20 00:41:39, 22.87, 49.74
2017-06-20 00:41:41, 22.88, 49.74
2017-06-20 00:41:42, 22.87, 49.71
2017-06-20 00:41:44, 22.7, 49.75
2017-06-20 00:41:45, 22.81, 49.83
2017-06-20 00:41:47, 22.85, 49.8
2017-06-20 00:41:48, 22.85, 49.8
2017-06-20 00:41:49, 22.86, 49.8
2017-06-20 00:41:51, 22.88, 49.77
2017-06-20 00:41:52, 22.87, 49.77
2017-06-20 00:41:54, 22.87, 49.74
2017-06-20 00:41:55, 22.89, 49.74
2017-06-20 00:41:57, 22.88, 49.71
2017-06-20 00:41:58, 22.81, 49.7
2017-06-20 00:42:00, 22.84, 49.7
2017-06-20 00:42:01, 22.87, 49.74
2017-06-20 00:42:03, 22.74, 49.75
2017-06-20 00:42:04, 22.84, 49.77
2017-06-20 00:42:05, 22.86, 49.77
2017-06-20 00:42:07, 22.86, 49.77
2017-06-20 00:42:08, 22.89, 49.74
2017-06-20 00:42:10, 22.88, 49.77
2017-06-20 00:42:11, 22.88, 49.74
2017-06-20 00:42:13, 22.82, 49.73
2017-06-20 00:42:14, 22.87, 49.74
2017-06-20 00:42:16, 22.78, 49.73
2017-06-20 00:42:17, 22.85, 49.77
2017-06-20 00:42:18, 22.87, 49.77
2017-06-20 00:42:20, 22.89, 49.74
2017-06-20 00:42:21, 22.86, 49.74
2017-06-20 00:42:23, 22.89, 49.74
2017-06-20 00:42:24, 22.88, 49.71
2017-06-20 00:42:26, 22.9, 49.71
2017-06-20 00:42:27, 22.88, 49.71
2017-06-20 00:42:29, 22.89, 49.71
2017-06-20 00:42:30, 22.9, 49.68
2017-06-20 00:42:32, 22.9, 49.68
2017-06-20 00:42:33, 22.89, 49.65
2017-06-20 00:42:35, 22.89, 49.65
2017-06-20 00:42:36, 22.9, 49.68
2017-06-20 00:42:37, 22.89, 49.68
2017-06-20 00:42:39, 22.89, 49.65
2017-06-20 00:42:40, 22.89, 49.65
2017-06-20 00:42:42, 22.89, 49.65
2017-06-20 00:42:43, 22.89, 49.65
2017-06-20 00:42:45, 22.91, 49.65
2017-06-20 00:42:46, 22.92, 49.65
2017-06-20 00:42:48, 22.89, 49.65
2017-06-20 00:42:49, 22.92, 49.65
2017-06-20 00:42:50, 22.9, 49.65
2017-06-20 00:42:52, 22.9, 49.65
2017-06-20 00:42:53, 22.91, 49.62
2017-06-20 00:42:55, 22.9, 49.62
2017-06-20 00:42:56, 22.91, 49.62
2017-06-20 00:42:58, 22.77, 49.63
2017-06-20 00:42:59, 22.86, 49.67
2017-06-20 00:43:01, 22.88, 49.68
2017-06-20 00:43:02, 22.76, 49.69
2017-06-20 00:43:03, 22.86, 49.71
2017-06-20 00:43:05, 22.88, 49.71
2017-06-20 00:43:06, 22.89, 49.71
2017-06-20 00:43:08, 22.9, 49.68
2017-06-20 00:43:09, 22.9, 49.65
2017-06-20 00:43:11, 22.9, 49.65
2017-06-20 00:43:12, 22.84, 49.64
2017-06-20 00:43:14, 22.72, 49.69
2017-06-20 00:43:15, 22.84, 49.74
2017-06-20 00:43:17, 22.86, 49.77
2017-06-20 00:43:18, 22.88, 49.74
2017-06-20 00:43:19, 22.89, 49.71
2017-06-20 00:43:21, 22.89, 49.71
2017-06-20 00:43:22, 22.89, 49.68
2017-06-20 00:43:24, 22.89, 49.65
2017-06-20 00:43:25, 22.89, 49.65
2017-06-20 00:43:27, 22.89, 49.65
2017-06-20 00:43:28, 22.9, 49.65
2017-06-20 00:43:30, 22.9, 49.62
2017-06-20 00:43:31, 22.89, 49.61
2017-06-20 00:43:32, 22.89, 49.61
2017-06-20 00:43:34, 22.89, 49.61
2017-06-20 00:43:35, 22.89, 49.58
2017-06-20 00:43:37, 22.9, 49.58
2017-06-20 00:43:38, 22.88, 49.58
2017-06-20 00:43:40, 22.87, 49.58
2017-06-20 00:43:41, 22.86, 49.61
2017-06-20 00:43:43, 22.85, 49.61
2017-06-20 00:43:45, 22.85, 49.64
2017-06-20 00:43:46, 22.88, 49.61
2017-06-20 00:43:48, 22.88, 49.65
2017-06-20 00:43:49, 22.88, 49.65
2017-06-20 00:43:50, 22.88, 49.65
2017-06-20 00:43:52, 22.91, 49.62
2017-06-20 00:43:53, 22.89, 49.61
2017-06-20 00:43:55, 22.9, 49.62
2017-06-20 00:43:56, 22.91, 49.59
2017-06-20 00:43:58, 22.9, 49.58
2017-06-20 00:43:59, 22.91, 49.62
2017-06-20 00:44:01, 22.92, 49.59
2017-06-20 00:44:02, 22.73, 49.59
2017-06-20 00:44:03, 22.86, 49.67
2017-06-20 00:44:05, 22.88, 49.68
2017-06-20 00:44:06, 22.89, 49.65
2017-06-20 00:44:08, 22.9, 49.65
2017-06-20 00:44:09, 22.9, 49.65
2017-06-20 00:44:11, 22.89, 49.61
2017-06-20 00:44:12, 22.76, 49.63
2017-06-20 00:44:14, 22.86, 49.64
2017-06-20 00:44:15, 22.86, 49.67
2017-06-20 00:44:16, 22.87, 49.64
2017-06-20 00:44:18, 22.88, 49.65
2017-06-20 00:44:19, 22.88, 49.61
2017-06-20 00:44:21, 22.9, 49.62
2017-06-20 00:44:22, 22.9, 49.62
2017-06-20 00:44:24, 22.89, 49.61
2017-06-20 00:44:25, 22.88, 49.58
2017-06-20 00:44:27, 22.8, 49.6
2017-06-20 00:44:28, 22.86, 49.64
2017-06-20 00:44:29, 22.88, 49.65
2017-06-20 00:44:31, 22.89, 49.61
2017-06-20 00:44:32, 22.9, 49.62
2017-06-20 00:44:34, 22.88, 49.58
2017-06-20 00:44:35, 22.89, 49.58
2017-06-20 00:44:37, 22.9, 49.58
2017-06-20 00:44:38, 22.89, 49.58
2017-06-20 00:44:40, 22.89, 49.55
2017-06-20 00:44:41, 22.9, 49.55
2017-06-20 00:44:43, 22.91, 49.55
2017-06-20 00:44:44, 22.83, 49.58
2017-06-20 00:44:45, 22.91, 49.59
2017-06-20 00:44:47, 22.9, 49.58
2017-06-20 00:44:48, 22.9, 49.58
2017-06-20 00:44:50, 22.91, 49.59
2017-06-20 00:44:51, 22.9, 49.55
2017-06-20 00:44:53, 22.9, 49.55
2017-06-20 00:44:54, 22.92, 49.56
2017-06-20 00:44:56, 22.91, 49.55
2017-06-20 00:44:57, 22.91, 49.55
2017-06-20 00:44:59, 22.91, 49.55
2017-06-20 00:45:00, 22.92, 49.56
2017-06-20 00:45:01, 22.75, 49.56
2017-06-20 00:45:03, 22.86, 49.64
2017-06-20 00:45:04, 22.88, 49.65
2017-06-20 00:45:06, 22.88, 49.65
2017-06-20 00:45:07, 22.89, 49.61
2017-06-20 00:45:09, 22.9, 49.62
2017-06-20 00:45:10, 22.92, 49.62
2017-06-20 00:45:12, 22.83, 49.58
2017-06-20 00:45:13, 22.9, 49.62
2017-06-20 00:45:15, 22.91, 49.59
2017-06-20 00:45:16, 22.92, 49.59
2017-06-20 00:45:17, 22.92, 49.59
2017-06-20 00:45:19, 22.9, 49.58
2017-06-20 00:45:20, 22.9, 49.58
2017-06-20 00:45:22, 22.89, 49.55
2017-06-20 00:45:23, 22.88, 49.55
2017-06-20 00:45:25, 22.87, 49.55
2017-06-20 00:45:26, 22.72, 49.59
2017-06-20 00:45:28, 22.82, 49.67
2017-06-20 00:45:29, 22.84, 49.7
2017-06-20 00:45:31, 22.71, 49.69
2017-06-20 00:45:32, 22.84, 49.74
2017-06-20 00:45:34, 22.87, 49.74
2017-06-20 00:45:35, 22.87, 49.71
2017-06-20 00:45:37, 22.88, 49.71
2017-06-20 00:45:38, 22.89, 49.68
2017-06-20 00:45:40, 22.9, 49.65
2017-06-20 00:45:41, 22.9, 49.65
2017-06-20 00:45:42, 22.76, 49.63
2017-06-20 00:45:44, 22.86, 49.71
2017-06-20 00:45:45, 22.86, 49.71
2017-06-20 00:45:47, 22.88, 49.71
2017-06-20 00:45:48, 22.87, 49.64
2017-06-20 00:45:50, 22.89, 49.65
2017-06-20 00:45:51, 22.9, 49.65
2017-06-20 00:45:53, 22.9, 49.65
2017-06-20 00:45:54, 22.9, 49.62
2017-06-20 00:45:56, 22.79, 49.63
2017-06-20 00:45:57, 22.87, 49.68
2017-06-20 00:45:59, 22.87, 49.68
2017-06-20 00:46:00, 22.85, 49.64
2017-06-20 00:46:01, 22.88, 49.65
2017-06-20 00:46:03, 22.88, 49.65
2017-06-20 00:46:04, 22.88, 49.65
2017-06-20 00:46:06, 22.89, 49.65
2017-06-20 00:46:07, 22.89, 49.65
2017-06-20 00:46:09, 22.88, 49.65
2017-06-20 00:46:10, 22.9, 49.62
2017-06-20 00:46:12, 22.74, 49.63
2017-06-20 00:46:13, 22.84, 49.7
2017-06-20 00:46:14, 22.86, 49.74
2017-06-20 00:46:16, 22.86, 49.71
2017-06-20 00:46:17, 22.86, 49.71
2017-06-20 00:46:19, 22.88, 49.68
2017-06-20 00:46:20, 22.86, 49.67
2017-06-20 00:46:22, 22.87, 49.64
2017-06-20 00:46:23, 22.88, 49.65
2017-06-20 00:46:25, 22.88, 49.65
2017-06-20 00:46:26, 22.88, 49.65
2017-06-20 00:46:28, 22.87, 49.64
2017-06-20 00:46:29, 22.88, 49.65
2017-06-20 00:46:30, 22.72, 49.69
2017-06-20 00:46:32, 22.83, 49.73
2017-06-20 00:46:33, 22.85, 49.74
2017-06-20 00:46:35, 22.86, 49.74
2017-06-20 00:46:36, 22.87, 49.74
2017-06-20 00:46:38, 22.87, 49.71
2017-06-20 00:46:39, 22.85, 49.7
2017-06-20 00:46:41, 22.77, 49.73
2017-06-20 00:46:42, 22.86, 49.74
2017-06-20 00:46:44, 22.87, 49.74
2017-06-20 00:46:45, 22.86, 49.74
2017-06-20 00:46:46, 22.87, 49.71
2017-06-20 00:46:48, 22.85, 49.7
2017-06-20 00:46:49, 22.88, 49.71
2017-06-20 00:46:51, 22.88, 49.71
2017-06-20 00:46:52, 22.87, 49.71
2017-06-20 00:46:54, 22.88, 49.71
2017-06-20 00:46:55, 22.74, 49.72
2017-06-20 00:46:57, 22.83, 49.77
2017-06-20 00:46:58, 22.84, 49.77
2017-06-20 00:47:00, 22.84, 49.74
2017-06-20 00:47:01, 22.86, 49.77
2017-06-20 00:47:02, 22.86, 49.74
2017-06-20 00:47:04, 22.86, 49.74
2017-06-20 00:47:05, 22.86, 49.71
2017-06-20 00:47:07, 22.88, 49.71
2017-06-20 00:47:08, 22.86, 49.71
2017-06-20 00:47:10, 22.86, 49.71
2017-06-20 00:47:11, 22.88, 49.71
2017-06-20 00:47:13, 22.87, 49.71
2017-06-20 00:47:14, 22.87, 49.71
2017-06-20 00:47:16, 22.88, 49.71
2017-06-20 00:47:17, 22.87, 49.71
2017-06-20 00:47:18, 22.86, 49.67
2017-06-20 00:47:20, 22.87, 49.71
2017-06-20 00:47:21, 22.86, 49.71
2017-06-20 00:47:23, 22.85, 49.7
2017-06-20 00:47:24, 22.83, 49.7
2017-06-20 00:47:26, 22.86, 49.71
2017-06-20 00:47:27, 22.85, 49.7
2017-06-20 00:47:29, 22.87, 49.71
2017-06-20 00:47:30, 22.86, 49.71
2017-06-20 00:47:31, 22.86, 49.71
2017-06-20 00:47:33, 22.86, 49.71
2017-06-20 00:47:34, 22.83, 49.7
2017-06-20 00:47:36, 22.84, 49.7
2017-06-20 00:47:38, 22.82, 49.73
2017-06-20 00:47:39, 22.82, 49.76
2017-06-20 00:47:41, 22.66, 49.81
2017-06-20 00:47:42, 22.78, 49.85
2017-06-20 00:47:44, 22.8, 49.89
2017-06-20 00:47:45, 22.81, 49.86
2017-06-20 00:47:46, 22.83, 49.86
2017-06-20 00:47:48, 22.84, 49.83
2017-06-20 00:47:49, 22.84, 49.83
2017-06-20 00:47:51, 22.84, 49.83
2017-06-20 00:47:52, 22.84, 49.8
2017-06-20 00:47:54, 22.84, 49.77
2017-06-20 00:47:55, 22.84, 49.8
2017-06-20 00:47:57, 22.84, 49.8
2017-06-20 00:47:58, 22.85, 49.8
2017-06-20 00:47:59, 22.84, 49.8
2017-06-20 00:48:01, 22.85, 49.77
2017-06-20 00:48:02, 22.85, 49.77
2017-06-20 00:48:04, 22.84, 49.8
2017-06-20 00:48:05, 22.84, 49.8
2017-06-20 00:48:07, 22.84, 49.77
2017-06-20 00:48:08, 22.83, 49.77
2017-06-20 00:48:10, 22.83, 49.77
2017-06-20 00:48:11, 22.71, 49.78
2017-06-20 00:48:13, 22.8, 49.86
2017-06-20 00:48:14, 22.81, 49.86
2017-06-20 00:48:15, 22.8, 49.86
2017-06-20 00:48:17, 22.82, 49.83
2017-06-20 00:48:18, 22.8, 49.86
2017-06-20 00:48:20, 22.82, 49.83
2017-06-20 00:48:21, 22.82, 49.83
2017-06-20 00:48:23, 22.82, 49.83
2017-06-20 00:48:24, 22.83, 49.83
2017-06-20 00:48:26, 22.82, 49.83
2017-06-20 00:48:27, 22.82, 49.83
2017-06-20 00:48:29, 22.7, 49.84
2017-06-20 00:48:30, 22.78, 49.89
2017-06-20 00:48:31, 22.8, 49.89
2017-06-20 00:48:33, 22.79, 49.89
2017-06-20 00:48:34, 22.8, 49.89
2017-06-20 00:48:36, 22.81, 49.89
2017-06-20 00:48:37, 22.82, 49.89
2017-06-20 00:48:39, 22.82, 49.86
2017-06-20 00:48:40, 22.82, 49.86
2017-06-20 00:48:42, 22.81, 49.86
2017-06-20 00:48:43, 22.81, 49.86
2017-06-20 00:48:45, 22.81, 49.86
2017-06-20 00:48:46, 22.81, 49.86
2017-06-20 00:48:47, 22.81, 49.83
2017-06-20 00:48:49, 22.81, 49.86
2017-06-20 00:48:50, 22.82, 49.86
2017-06-20 00:48:52, 22.8, 49.86
2017-06-20 00:48:53, 22.81, 49.86
2017-06-20 00:48:55, 22.81, 49.86
2017-06-20 00:48:56, 22.81, 49.86
2017-06-20 00:48:58, 22.8, 49.86
2017-06-20 00:48:59, 22.8, 49.86
2017-06-20 00:49:00, 22.79, 49.86
2017-06-20 00:49:02, 22.79, 49.86
2017-06-20 00:49:03, 22.8, 49.89
2017-06-20 00:49:05, 22.8, 49.86
2017-06-20 00:49:06, 22.8, 49.89
2017-06-20 00:49:08, 22.79, 49.89
2017-06-20 00:49:09, 22.62, 49.93
2017-06-20 00:49:11, 22.74, 50.01
2017-06-20 00:49:12, 22.76, 50.01
2017-06-20 00:49:14, 22.77, 50.01
2017-06-20 00:49:15, 22.78, 50.01
2017-06-20 00:49:16, 22.78, 50.01
2017-06-20 00:49:18, 22.78, 49.98
2017-06-20 00:49:19, 22.78, 49.98
2017-06-20 00:49:21, 22.8, 49.95
2017-06-20 00:49:22, 22.76, 49.98
2017-06-20 00:49:24, 22.78, 49.98
2017-06-20 00:49:25, 22.78, 49.95
2017-06-20 00:49:27, 22.8, 49.98
2017-06-20 00:49:28, 22.64, 49.96
2017-06-20 00:49:30, 22.73, 50.04
2017-06-20 00:49:31, 22.74, 50.07
2017-06-20 00:49:32, 22.76, 50.04
2017-06-20 00:49:34, 22.77, 50.01
2017-06-20 00:49:35, 22.77, 50.04
2017-06-20 00:49:37, 22.76, 50.01
2017-06-20 00:49:38, 22.72, 50.0
2017-06-20 00:49:40, 22.58, 50.05
2017-06-20 00:49:41, 22.7, 50.13
2017-06-20 00:49:43, 22.73, 50.13
2017-06-20 00:49:44, 22.74, 50.13
2017-06-20 00:49:46, 22.74, 50.1
2017-06-20 00:49:47, 22.75, 50.1
2017-06-20 00:49:48, 22.75, 50.07
2017-06-20 00:49:50, 22.75, 50.07
2017-06-20 00:49:51, 22.76, 50.07
2017-06-20 00:49:53, 22.68, 50.06
2017-06-20 00:49:54, 22.72, 50.07
2017-06-20 00:49:56, 22.73, 50.07
2017-06-20 00:49:57, 22.75, 50.07
2017-06-20 00:49:59, 22.75, 50.07
2017-06-20 00:50:00, 22.77, 50.07
2017-06-20 00:50:02, 22.74, 50.04
2017-06-20 00:50:03, 22.74, 50.04
2017-06-20 00:50:05, 22.72, 50.07
2017-06-20 00:50:06, 22.76, 50.04
2017-06-20 00:50:07, 22.75, 50.07
2017-06-20 00:50:09, 22.65, 50.06
2017-06-20 00:50:10, 22.6, 50.11
2017-06-20 00:50:12, 22.71, 50.19
2017-06-20 00:50:13, 22.73, 50.16
2017-06-20 00:50:15, 22.72, 50.16
2017-06-20 00:50:16, 22.74, 50.13
2017-06-20 00:50:18, 22.74, 50.16
2017-06-20 00:50:19, 22.74, 50.13
2017-06-20 00:50:20, 22.74, 50.13
2017-06-20 00:50:22, 22.74, 50.13
2017-06-20 00:50:23, 22.72, 50.1
2017-06-20 00:50:25, 22.72, 50.13
2017-06-20 00:50:26, 22.72, 50.13
2017-06-20 00:50:28, 22.74, 50.1
2017-06-20 00:50:29, 22.74, 50.13
2017-06-20 00:50:31, 22.74, 50.13
2017-06-20 00:50:32, 22.76, 50.1
2017-06-20 00:50:34, 22.76, 50.1
2017-06-20 00:50:35, 22.74, 50.1
2017-06-20 00:50:36, 22.74, 50.13
2017-06-20 00:50:38, 22.76, 50.1
2017-06-20 00:50:39, 22.72, 50.1
2017-06-20 00:50:41, 22.74, 50.13
2017-06-20 00:50:42, 22.73, 50.13
2017-06-20 00:50:44, 22.74, 50.13
2017-06-20 00:50:45, 22.74, 50.13
2017-06-20 00:50:47, 22.74, 50.13
2017-06-20 00:50:48, 22.75, 50.1
2017-06-20 00:50:49, 22.75, 50.13
2017-06-20 00:50:51, 22.75, 50.13
2017-06-20 00:50:52, 22.62, 50.12
2017-06-20 00:50:54, 22.71, 50.16
2017-06-20 00:50:55, 22.74, 50.16
2017-06-20 00:50:57, 22.63, 50.18
2017-06-20 00:50:58, 22.71, 50.19
2017-06-20 00:51:00, 22.73, 50.2
2017-06-20 00:51:01, 22.72, 50.19
2017-06-20 00:51:02, 22.72, 50.19
2017-06-20 00:51:04, 22.72, 50.19
2017-06-20 00:51:05, 22.74, 50.2
2017-06-20 00:51:07, 22.74, 50.2
2017-06-20 00:51:08, 22.58, 50.21
2017-06-20 00:51:10, 22.68, 50.28
2017-06-20 00:51:11, 22.72, 50.29
2017-06-20 00:51:13, 22.72, 50.26
2017-06-20 00:51:14, 22.73, 50.23
2017-06-20 00:51:16, 22.74, 50.23
2017-06-20 00:51:17, 22.72, 50.19
2017-06-20 00:51:19, 22.73, 50.2
2017-06-20 00:51:20, 22.74, 50.2
2017-06-20 00:51:21, 22.74, 50.2
2017-06-20 00:51:23, 22.74, 50.2
2017-06-20 00:51:24, 22.73, 50.2
2017-06-20 00:51:26, 22.74, 50.2
2017-06-20 00:51:27, 22.73, 50.2
2017-06-20 00:51:29, 22.74, 50.16
2017-06-20 00:51:30, 22.75, 50.2
2017-06-20 00:51:32, 22.74, 50.2
2017-06-20 00:51:33, 22.74, 50.16
2017-06-20 00:51:34, 22.73, 50.2
2017-06-20 00:51:36, 22.72, 50.19
2017-06-20 00:51:37, 22.74, 50.2
2017-06-20 00:51:39, 22.72, 50.19
2017-06-20 00:51:40, 22.73, 50.2
2017-06-20 00:51:42, 22.72, 50.19
2017-06-20 00:51:43, 22.72, 50.19
2017-06-20 00:51:45, 22.73, 50.2
2017-06-20 00:51:46, 22.74, 50.23
2017-06-20 00:51:48, 22.73, 50.2
2017-06-20 00:51:49, 22.72, 50.19
2017-06-20 00:51:50, 22.72, 50.19
2017-06-20 00:51:52, 22.6, 50.21
2017-06-20 00:51:53, 22.7, 50.29
2017-06-20 00:51:55, 22.7, 50.25
2017-06-20 00:51:56, 22.71, 50.29
2017-06-20 00:51:58, 22.74, 50.26
2017-06-20 00:51:59, 22.73, 50.29
2017-06-20 00:52:01, 22.72, 50.26
2017-06-20 00:52:02, 22.73, 50.26
2017-06-20 00:52:03, 22.71, 50.26
2017-06-20 00:52:05, 22.73, 50.26
2017-06-20 00:52:06, 22.73, 50.26
2017-06-20 00:52:08, 22.63, 50.25
2017-06-20 00:52:09, 22.71, 50.29
2017-06-20 00:52:11, 22.72, 50.29
2017-06-20 00:52:12, 22.72, 50.32
2017-06-20 00:52:14, 22.73, 50.26
2017-06-20 00:52:15, 22.72, 50.26
2017-06-20 00:52:17, 22.72, 50.26
2017-06-20 00:52:18, 22.72, 50.26
2017-06-20 00:52:19, 22.72, 50.26
2017-06-20 00:52:21, 22.72, 50.26
2017-06-20 00:52:22, 22.74, 50.26
2017-06-20 00:52:24, 22.73, 50.26
2017-06-20 00:52:25, 22.73, 50.23
2017-06-20 00:52:27, 22.74, 50.26
2017-06-20 00:52:28, 22.72, 50.26
2017-06-20 00:52:30, 22.72, 50.23
2017-06-20 00:52:31, 22.7, 50.22
2017-06-20 00:52:32, 22.72, 50.26
2017-06-20 00:52:34, 22.73, 50.23
2017-06-20 00:52:35, 22.73, 50.23
2017-06-20 00:52:37, 22.72, 50.23
2017-06-20 00:52:38, 22.6, 50.24
2017-06-20 00:52:40, 22.69, 50.32
2017-06-20 00:52:41, 22.71, 50.32
2017-06-20 00:52:43, 22.74, 50.32
2017-06-20 00:52:44, 22.73, 50.29
2017-06-20 00:52:46, 22.72, 50.29
2017-06-20 00:52:47, 22.73, 50.29
2017-06-20 00:52:48, 22.73, 50.29
2017-06-20 00:52:50, 22.72, 50.32
2017-06-20 00:52:51, 22.72, 50.26
2017-06-20 00:52:53, 22.72, 50.29
2017-06-20 00:52:54, 22.74, 50.29
2017-06-20 00:52:56, 22.62, 50.28
2017-06-20 00:52:57, 22.7, 50.32
2017-06-20 00:52:59, 22.71, 50.35
2017-06-20 00:53:00, 22.72, 50.32
2017-06-20 00:53:02, 22.72, 50.32
2017-06-20 00:53:03, 22.72, 50.32
2017-06-20 00:53:04, 22.72, 50.32
2017-06-20 00:53:06, 22.71, 50.29
2017-06-20 00:53:07, 22.62, 50.31
2017-06-20 00:53:09, 22.68, 50.32
2017-06-20 00:53:10, 22.68, 50.32
2017-06-20 00:53:12, 22.7, 50.32
2017-06-20 00:53:13, 22.7, 50.35
2017-06-20 00:53:15, 22.71, 50.32
2017-06-20 00:53:16, 22.71, 50.32
2017-06-20 00:53:17, 22.71, 50.32
2017-06-20 00:53:19, 22.72, 50.32
2017-06-20 00:53:20, 22.66, 50.31
2017-06-20 00:53:22, 22.7, 50.32
2017-06-20 00:53:23, 22.71, 50.32
2017-06-20 00:53:25, 22.71, 50.32
2017-06-20 00:53:26, 22.7, 50.32
2017-06-20 00:53:28, 22.7, 50.32
2017-06-20 00:53:29, 22.72, 50.32
2017-06-20 00:53:31, 22.72, 50.32
2017-06-20 00:53:32, 22.72, 50.32
2017-06-20 00:53:33, 22.71, 50.32
2017-06-20 00:53:35, 22.71, 50.32
2017-06-20 00:53:36, 22.71, 50.32
2017-06-20 00:53:38, 22.7, 50.32
2017-06-20 00:53:39, 22.71, 50.32
2017-06-20 00:53:41, 22.69, 50.28
2017-06-20 00:53:42, 22.68, 50.32
2017-06-20 00:53:44, 22.68, 50.35
2017-06-20 00:53:45, 22.7, 50.35
2017-06-20 00:53:47, 22.71, 50.35
2017-06-20 00:53:48, 22.69, 50.38
2017-06-20 00:53:50, 22.72, 50.38
2017-06-20 00:53:51, 22.72, 50.35
2017-06-20 00:53:53, 22.7, 50.35
2017-06-20 00:53:54, 22.7, 50.35
2017-06-20 00:53:56, 22.56, 50.36
2017-06-20 00:53:57, 22.66, 50.41
2017-06-20 00:53:58, 22.68, 50.44
2017-06-20 00:54:00, 22.69, 50.44
2017-06-20 00:54:01, 22.7, 50.44
2017-06-20 00:54:03, 22.7, 50.38
2017-06-20 00:54:04, 22.7, 50.41
2017-06-20 00:54:06, 22.71, 50.38
2017-06-20 00:54:07, 22.53, 50.42
2017-06-20 00:54:09, 22.63, 50.5
2017-06-20 00:54:11, 22.63, 50.5
2017-06-20 00:54:12, 22.64, 50.5
2017-06-20 00:54:13, 22.67, 50.5
2017-06-20 00:54:15, 22.68, 50.47
2017-06-20 00:54:16, 22.69, 50.44
2017-06-20 00:54:18, 22.68, 50.44
2017-06-20 00:54:19, 22.71, 50.45
2017-06-20 00:54:21, 22.7, 50.44
2017-06-20 00:54:22, 22.7, 50.41
2017-06-20 00:54:24, 22.71, 50.41
2017-06-20 00:54:25, 22.6, 50.4
2017-06-20 00:54:27, 22.68, 50.44
2017-06-20 00:54:28, 22.69, 50.44
2017-06-20 00:54:29, 22.69, 50.44
2017-06-20 00:54:31, 22.7, 50.44
2017-06-20 00:54:32, 22.71, 50.45
2017-06-20 00:54:34, 22.7, 50.41
2017-06-20 00:54:35, 22.7, 50.38
2017-06-20 00:54:37, 22.7, 50.41
2017-06-20 00:54:38, 22.7, 50.41
2017-06-20 00:54:40, 22.71, 50.38
2017-06-20 00:54:41, 22.72, 50.38
2017-06-20 00:54:42, 22.72, 50.38
2017-06-20 00:54:44, 22.71, 50.38
2017-06-20 00:54:45, 22.72, 50.38
2017-06-20 00:54:47, 22.71, 50.38
2017-06-20 00:54:48, 22.72, 50.38
2017-06-20 00:54:50, 22.6, 50.4
2017-06-20 00:54:51, 22.68, 50.44
2017-06-20 00:54:53, 22.69, 50.47
2017-06-20 00:54:54, 22.7, 50.44
2017-06-20 00:54:55, 22.52, 50.45
2017-06-20 00:54:57, 22.65, 50.56
2017-06-20 00:54:58, 22.67, 50.53
2017-06-20 00:55:00, 22.68, 50.54
2017-06-20 00:55:01, 22.68, 50.5
2017-06-20 00:55:03, 22.69, 50.51
2017-06-20 00:55:04, 22.7, 50.51
2017-06-20 00:55:06, 22.71, 50.48
2017-06-20 00:55:07, 22.7, 50.44
2017-06-20 00:55:09, 22.69, 50.44
2017-06-20 00:55:10, 22.7, 50.44
2017-06-20 00:55:11, 22.71, 50.45
2017-06-20 00:55:13, 22.68, 50.41
2017-06-20 00:55:14, 22.69, 50.41
2017-06-20 00:55:16, 22.7, 50.44
2017-06-20 00:55:17, 22.72, 50.42
2017-06-20 00:55:19, 22.72, 50.45
2017-06-20 00:55:20, 22.71, 50.45
2017-06-20 00:55:22, 22.71, 50.41
2017-06-20 00:55:23, 22.71, 50.41
2017-06-20 00:55:25, 22.72, 50.42
2017-06-20 00:55:26, 22.71, 50.41
2017-06-20 00:55:27, 22.71, 50.45
2017-06-20 00:55:29, 22.73, 50.42
2017-06-20 00:55:30, 22.73, 50.38
2017-06-20 00:55:32, 22.72, 50.42
2017-06-20 00:55:33, 22.72, 50.42
2017-06-20 00:55:35, 22.72, 50.42
2017-06-20 00:55:36, 22.6, 50.43
2017-06-20 00:55:38, 22.68, 50.5
2017-06-20 00:55:39, 22.7, 50.48
2017-06-20 00:55:41, 22.72, 50.48
2017-06-20 00:55:42, 22.7, 50.48
2017-06-20 00:55:43, 22.7, 50.44
2017-06-20 00:55:45, 22.72, 50.45
2017-06-20 00:55:46, 22.72, 50.45
2017-06-20 00:55:48, 22.71, 50.45
2017-06-20 00:55:49, 22.72, 50.45
2017-06-20 00:55:51, 22.72, 50.42
2017-06-20 00:55:52, 22.71, 50.41
2017-06-20 00:55:54, 22.7, 50.41
2017-06-20 00:55:55, 22.57, 50.43
2017-06-20 00:55:57, 22.67, 50.5
2017-06-20 00:55:58, 22.67, 50.5
2017-06-20 00:55:59, 22.69, 50.51
2017-06-20 00:56:01, 22.71, 50.48
2017-06-20 00:56:02, 22.7, 50.48
2017-06-20 00:56:04, 22.66, 50.47
2017-06-20 00:56:05, 22.69, 50.47
2017-06-20 00:56:07, 22.7, 50.44
2017-06-20 00:56:08, 22.72, 50.48
2017-06-20 00:56:10, 22.7, 50.44
2017-06-20 00:56:11, 22.72, 50.45
2017-06-20 00:56:13, 22.7, 50.44
2017-06-20 00:56:14, 22.69, 50.44
2017-06-20 00:56:15, 22.71, 50.41
2017-06-20 00:56:17, 22.72, 50.45
2017-06-20 00:56:18, 22.7, 50.44
2017-06-20 00:56:20, 22.72, 50.45
2017-06-20 00:56:21, 22.72, 50.45
2017-06-20 00:56:23, 22.72, 50.42
2017-06-20 00:56:24, 22.72, 50.42
2017-06-20 00:56:26, 22.73, 50.42
2017-06-20 00:56:27, 22.71, 50.41
2017-06-20 00:56:28, 22.72, 50.42
2017-06-20 00:56:30, 22.73, 50.42
2017-06-20 00:56:31, 22.73, 50.42
2017-06-20 00:56:33, 22.72, 50.42
2017-06-20 00:56:34, 22.72, 50.42
2017-06-20 00:56:36, 22.58, 50.43
2017-06-20 00:56:37, 22.69, 50.47
2017-06-20 00:56:39, 22.7, 50.48
2017-06-20 00:56:40, 22.7, 50.44
2017-06-20 00:56:42, 22.71, 50.45
2017-06-20 00:56:43, 22.72, 50.45
2017-06-20 00:56:44, 22.72, 50.45
2017-06-20 00:56:46, 22.72, 50.45
2017-06-20 00:56:47, 22.69, 50.44
2017-06-20 00:56:49, 22.56, 50.46
2017-06-20 00:56:50, 22.67, 50.53
2017-06-20 00:56:52, 22.68, 50.57
2017-06-20 00:56:53, 22.68, 50.5
2017-06-20 00:56:55, 22.69, 50.51
2017-06-20 00:56:56, 22.7, 50.51
2017-06-20 00:56:58, 22.7, 50.51
2017-06-20 00:56:59, 22.7, 50.48
2017-06-20 00:57:00, 22.72, 50.48
2017-06-20 00:57:02, 22.72, 50.48
2017-06-20 00:57:03, 22.72, 50.48
2017-06-20 00:57:05, 22.7, 50.48
2017-06-20 00:57:06, 22.52, 50.48
2017-06-20 00:57:08, 22.66, 50.57
2017-06-20 00:57:09, 22.67, 50.57
2017-06-20 00:57:11, 22.68, 50.57
2017-06-20 00:57:12, 22.7, 50.57
2017-06-20 00:57:13, 22.68, 50.57
2017-06-20 00:57:15, 22.71, 50.51
2017-06-20 00:57:16, 22.7, 50.54
2017-06-20 00:57:18, 22.7, 50.51
2017-06-20 00:57:19, 22.69, 50.51
2017-06-20 00:57:21, 22.68, 50.54
2017-06-20 00:57:22, 22.71, 50.51
2017-06-20 00:57:24, 22.71, 50.51
2017-06-20 00:57:25, 22.71, 50.51
2017-06-20 00:57:27, 22.72, 50.51
2017-06-20 00:57:28, 22.72, 50.51
2017-06-20 00:57:29, 22.71, 50.51
2017-06-20 00:57:31, 22.72, 50.51
2017-06-20 00:57:32, 22.72, 50.51
2017-06-20 00:57:34, 22.7, 50.51
2017-06-20 00:57:35, 22.56, 50.52
2017-06-20 00:57:37, 22.63, 50.59
2017-06-20 00:57:39, 22.64, 50.59
2017-06-20 00:57:40, 22.67, 50.6
2017-06-20 00:57:41, 22.7, 50.6
2017-06-20 00:57:43, 22.69, 50.6
2017-06-20 00:57:44, 22.69, 50.57
2017-06-20 00:57:46, 22.68, 50.57
2017-06-20 00:57:47, 22.64, 50.56
2017-06-20 00:57:49, 22.65, 50.56
2017-06-20 00:57:51, 22.64, 50.59
2017-06-20 00:57:52, 22.64, 50.59
2017-06-20 00:57:54, 22.65, 50.6
2017-06-20 00:57:55, 22.69, 50.6
2017-06-20 00:57:56, 22.69, 50.6
2017-06-20 00:57:58, 22.7, 50.57
2017-06-20 00:57:59, 22.69, 50.57
2017-06-20 00:58:01, 22.7, 50.57
2017-06-20 00:58:02, 22.71, 50.54
2017-06-20 00:58:04, 22.71, 50.57
2017-06-20 00:58:05, 22.56, 50.55
2017-06-20 00:58:07, 22.66, 50.6
2017-06-20 00:58:08, 22.68, 50.63
2017-06-20 00:58:09, 22.7, 50.6
2017-06-20 00:58:11, 22.71, 50.6
2017-06-20 00:58:12, 22.71, 50.57
2017-06-20 00:58:14, 22.71, 50.57
2017-06-20 00:58:15, 22.7, 50.57
2017-06-20 00:58:17, 22.69, 50.57
2017-06-20 00:58:18, 22.68, 50.57
2017-06-20 00:58:20, 22.7, 50.54
2017-06-20 00:58:21, 22.72, 50.57
2017-06-20 00:58:23, 22.71, 50.57
2017-06-20 00:58:24, 22.57, 50.55
2017-06-20 00:58:25, 22.68, 50.63
2017-06-20 00:58:27, 22.68, 50.63
2017-06-20 00:58:28, 22.7, 50.63
2017-06-20 00:58:30, 22.7, 50.63
2017-06-20 00:58:31, 22.7, 50.63
2017-06-20 00:58:33, 22.71, 50.6
2017-06-20 00:58:34, 22.7, 50.6
2017-06-20 00:58:36, 22.71, 50.6
2017-06-20 00:58:37, 22.71, 50.57
2017-06-20 00:58:39, 22.72, 50.57
2017-06-20 00:58:40, 22.73, 50.57
2017-06-20 00:58:41, 22.72, 50.57
2017-06-20 00:58:43, 22.72, 50.54
2017-06-20 00:58:44, 22.73, 50.54
2017-06-20 00:58:46, 22.73, 50.54
2017-06-20 00:58:47, 22.59, 50.56
2017-06-20 00:58:49, 22.7, 50.63
2017-06-20 00:58:50, 22.71, 50.6
2017-06-20 00:58:52, 22.71, 50.6
2017-06-20 00:58:53, 22.69, 50.6
2017-06-20 00:58:54, 22.72, 50.57
2017-06-20 00:58:56, 22.72, 50.6
2017-06-20 00:58:57, 22.73, 50.57
2017-06-20 00:58:59, 22.72, 50.57
2017-06-20 00:59:00, 22.72, 50.6
2017-06-20 00:59:02, 22.73, 50.57
2017-06-20 00:59:03, 22.73, 50.57
2017-06-20 00:59:05, 22.59, 50.59
2017-06-20 00:59:06, 22.68, 50.63
2017-06-20 00:59:08, 22.72, 50.64
2017-06-20 00:59:09, 22.7, 50.6
2017-06-20 00:59:10, 22.72, 50.64
2017-06-20 00:59:12, 22.72, 50.6
2017-06-20 00:59:13, 22.73, 50.57
2017-06-20 00:59:15, 22.73, 50.61
2017-06-20 00:59:16, 22.73, 50.57
2017-06-20 00:59:18, 22.74, 50.58
2017-06-20 00:59:19, 22.72, 50.57
2017-06-20 00:59:21, 22.73, 50.57
2017-06-20 00:59:22, 22.73, 50.57
2017-06-20 00:59:24, 22.72, 50.54
2017-06-20 00:59:25, 22.72, 50.57
2017-06-20 00:59:26, 22.74, 50.58
2017-06-20 00:59:28, 22.74, 50.54
2017-06-20 00:59:29, 22.71, 50.54
2017-06-20 00:59:31, 22.72, 50.54
2017-06-20 00:59:32, 22.62, 50.56
2017-06-20 00:59:34, 22.78, 50.58
2017-06-20 00:59:35, 22.73, 50.57
2017-06-20 00:59:37, 22.73, 50.57
2017-06-20 00:59:38, 22.72, 50.57
2017-06-20 00:59:39, 22.72, 50.54
2017-06-20 00:59:41, 22.71, 50.57
2017-06-20 00:59:42, 22.72, 50.57
2017-06-20 00:59:44, 22.71, 50.57
2017-06-20 00:59:45, 22.72, 50.57
2017-06-20 00:59:47, 22.58, 50.59
2017-06-20 00:59:48, 22.69, 50.63
2017-06-20 00:59:50, 22.69, 50.66
2017-06-20 00:59:51, 22.7, 50.63
2017-06-20 00:59:53, 22.68, 50.63
2017-06-20 00:59:54, 22.71, 50.64
2017-06-20 00:59:55, 22.71, 50.64
2017-06-20 00:59:57, 22.72, 50.64
2017-06-20 00:59:58, 22.72, 50.64
2017-06-20 01:00:00, 22.72, 50.64
