2015-12-07 00:00:13.005833, 23.16, 45.98
2015-12-07 00:00:33.749449, 23.14, 45.56
2015-12-07 00:00:54.288663, 23.12, 45.4
2015-12-07 00:01:14.767286, 23.1, 44.79
2015-12-07 00:01:35.480174, 23.08, 44.04
2015-12-07 00:01:56.045494, 23.05, 43.62
2015-12-07 00:02:16.567968, 23.04, 43.23
2015-12-07 00:02:37.074797, 23.0, 42.61
2015-12-07 00:02:57.681370, 22.99, 42.25
2015-12-07 00:03:18.221926, 22.94, 42.15
2015-12-07 00:03:38.710137, 22.94, 41.6
2015-12-07 00:03:59.331913, 22.91, 41.17
2015-12-07 00:04:19.826732, 22.89, 41.17
2015-12-07 00:04:40.322290, 22.89, 41.36
2015-12-07 00:05:00.871080, 22.87, 41.69
2015-12-07 00:05:21.354664, 22.87, 42.01
2015-12-07 00:05:41.914481, 22.87, 42.46
2015-12-07 00:06:02.509454, 22.88, 43.05
2015-12-07 00:06:22.969968, 22.89, 43.28
2015-12-07 00:06:43.486361, 22.9, 43.83
2015-12-07 00:07:04.066687, 22.9, 43.99
2015-12-07 00:07:24.573807, 22.92, 44.51
2015-12-07 00:07:45.120968, 22.94, 45.15
2015-12-07 00:08:05.685070, 22.94, 45.63
2015-12-07 00:08:26.162209, 22.96, 45.64
2015-12-07 00:08:46.630503, 22.96, 46.02
2015-12-07 00:09:07.165454, 22.98, 46.6
2015-12-07 00:09:27.606490, 22.98, 46.66
2015-12-07 00:09:48.093073, 23.0, 47.34
2015-12-07 00:10:08.663463, 23.02, 47.69
2015-12-07 00:10:29.145778, 23.03, 47.95
2015-12-07 00:10:49.655902, 23.04, 48.11
2015-12-07 00:11:10.269362, 23.05, 48.4
2015-12-07 00:11:30.753270, 23.07, 48.65
2015-12-07 00:11:51.331888, 23.06, 48.97
2015-12-07 00:12:11.900808, 23.08, 49.13
2015-12-07 00:12:32.369917, 23.09, 49.45
2015-12-07 00:12:52.865892, 23.1, 49.52
2015-12-07 00:13:13.479444, 23.12, 49.52
2015-12-07 00:13:33.988035, 23.12, 49.52
2015-12-07 00:13:54.496102, 23.14, 49.68
2015-12-07 00:14:15.076355, 23.15, 49.62
2015-12-07 00:14:35.624041, 23.17, 49.49
2015-12-07 00:14:56.147532, 23.16, 49.3
2015-12-07 00:15:16.741297, 23.18, 48.92
2015-12-07 00:15:37.214327, 23.18, 48.57
2015-12-07 00:15:57.806291, 23.18, 48.09
2015-12-07 00:16:18.361694, 23.19, 47.81
2015-12-07 00:16:38.883729, 23.19, 47.14
2015-12-07 00:16:59.428637, 23.16, 46.59
2015-12-07 00:17:20.004471, 23.15, 45.72
2015-12-07 00:17:40.551105, 23.13, 45.24
2015-12-07 00:18:01.060492, 23.12, 44.98
2015-12-07 00:18:21.651312, 23.11, 44.63
2015-12-07 00:18:42.213645, 23.08, 43.91
2015-12-07 00:19:02.749167, 23.05, 43.26
2015-12-07 00:19:23.324658, 23.04, 42.42
2015-12-07 00:19:43.779543, 23.0, 42.09
2015-12-07 00:20:04.349551, 22.96, 41.66
2015-12-07 00:20:24.906308, 22.96, 41.4
2015-12-07 00:20:45.522036, 22.93, 41.43
2015-12-07 00:21:06.073705, 22.92, 41.11
2015-12-07 00:21:26.614610, 22.92, 41.27
2015-12-07 00:21:47.147584, 22.9, 41.23
2015-12-07 00:22:07.647888, 22.89, 41.49
2015-12-07 00:22:28.220524, 22.9, 41.82
2015-12-07 00:22:48.730167, 22.89, 42.56
2015-12-07 00:23:09.313877, 22.9, 42.63
2015-12-07 00:23:29.831310, 22.9, 43.6
2015-12-07 00:23:51.031186, 22.92, 43.7
2015-12-07 00:24:11.522981, 22.92, 44.31
2015-12-07 00:24:32.077170, 22.94, 44.61
2015-12-07 00:24:52.586706, 22.94, 45.31
2015-12-07 00:25:13.085503, 22.96, 45.25
2015-12-07 00:25:33.645302, 22.97, 45.61
2015-12-07 00:25:54.106443, 22.99, 46.22
2015-12-07 00:26:14.622136, 23.01, 46.73
2015-12-07 00:26:35.159658, 23.0, 46.99
2015-12-07 00:26:55.651639, 23.02, 47.69
2015-12-07 00:27:16.167694, 23.04, 47.76
2015-12-07 00:27:36.748978, 23.06, 48.3
2015-12-07 00:27:57.369786, 23.06, 48.4
2015-12-07 00:28:18.049684, 23.06, 48.68
2015-12-07 00:28:38.954672, 23.08, 48.62
2015-12-07 00:28:59.656464, 23.1, 48.98
2015-12-07 00:29:20.356474, 23.11, 49.29
2015-12-07 00:29:41.070719, 23.12, 49.52
2015-12-07 00:30:01.749448, 23.12, 49.42
2015-12-07 00:30:22.455304, 23.13, 49.52
2015-12-07 00:30:43.165530, 23.14, 49.62
2015-12-07 00:31:03.806546, 23.16, 49.49
2015-12-07 00:31:24.560959, 23.17, 49.3
2015-12-07 00:31:45.294347, 23.18, 48.99
2015-12-07 00:32:05.969759, 23.18, 48.64
2015-12-07 00:32:26.636740, 23.18, 48.29
2015-12-07 00:32:47.389923, 23.18, 47.9
2015-12-07 00:33:08.075429, 23.17, 47.04
2015-12-07 00:33:28.675982, 23.15, 46.37
2015-12-07 00:33:49.400177, 23.12, 46.04
2015-12-07 00:34:09.940180, 23.1, 45.14
2015-12-07 00:34:30.619004, 23.1, 44.95
2015-12-07 00:34:52.070989, 23.07, 44.75
2015-12-07 00:35:12.621243, 23.07, 44.2
2015-12-07 00:35:33.215303, 23.04, 43.81
2015-12-07 00:35:54.843769, 23.0, 43.0
2015-12-07 00:36:15.394555, 22.98, 42.54
2015-12-07 00:36:36.048849, 22.98, 42.25
2015-12-07 00:36:56.716323, 22.95, 41.7
2015-12-07 00:37:17.336753, 22.92, 41.82
2015-12-07 00:37:38.062120, 22.91, 41.69
2015-12-07 00:37:58.844705, 22.9, 42.01
2015-12-07 00:38:19.866994, 22.9, 42.24
2015-12-07 00:38:40.388063, 22.9, 42.66
2015-12-07 00:39:01.002829, 22.88, 42.92
2015-12-07 00:39:21.644046, 22.9, 43.31
2015-12-07 00:39:42.345340, 22.9, 43.7
2015-12-07 00:40:03.116435, 22.91, 44.57
2015-12-07 00:40:23.697017, 22.93, 44.76
2015-12-07 00:40:44.859372, 22.94, 45.51
2015-12-07 00:41:05.595051, 22.96, 45.89
2015-12-07 00:41:26.124847, 22.97, 46.12
2015-12-07 00:41:46.967853, 22.98, 46.54
2015-12-07 00:42:07.558978, 23.0, 46.6
2015-12-07 00:42:28.384715, 22.99, 47.34
2015-12-07 00:42:48.889401, 23.0, 47.66
2015-12-07 00:43:09.397075, 23.04, 47.82
2015-12-07 00:43:29.895855, 23.02, 48.04
2015-12-07 00:43:50.402721, 23.06, 48.21
2015-12-07 00:44:10.935521, 23.05, 48.56
2015-12-07 00:44:31.472379, 23.08, 48.72
2015-12-07 00:44:52.024349, 23.08, 48.88
2015-12-07 00:45:12.628909, 23.1, 48.94
2015-12-07 00:45:33.096433, 23.11, 49.17
2015-12-07 00:45:53.601949, 23.12, 49.17
2015-12-07 00:46:14.196379, 23.15, 49.24
2015-12-07 00:46:34.697465, 23.14, 49.17
2015-12-07 00:46:55.260169, 23.14, 49.04
2015-12-07 00:47:15.809423, 23.17, 48.79
2015-12-07 00:47:36.309950, 23.16, 48.28
2015-12-07 00:47:56.833253, 23.14, 47.9
2015-12-07 00:48:17.345505, 23.16, 47.33
2015-12-07 00:48:37.861523, 23.16, 46.81
2015-12-07 00:48:58.351912, 23.14, 46.3
2015-12-07 00:49:18.874475, 23.14, 45.98
2015-12-07 00:49:39.351209, 23.12, 45.08
2015-12-07 00:49:59.840067, 23.11, 44.63
2015-12-07 00:50:20.412773, 23.07, 44.04
2015-12-07 00:50:40.933693, 23.06, 43.3
2015-12-07 00:51:01.429453, 23.03, 43.0
2015-12-07 00:51:22.015040, 23.01, 42.55
2015-12-07 00:51:42.479372, 22.97, 42.05
2015-12-07 00:52:03.057454, 22.97, 42.05
2015-12-07 00:52:23.620729, 22.96, 41.86
2015-12-07 00:52:44.129352, 22.93, 41.56
2015-12-07 00:53:04.740154, 22.91, 41.66
2015-12-07 00:53:25.468681, 22.92, 41.63
2015-12-07 00:53:45.944741, 22.9, 41.85
2015-12-07 00:54:06.487649, 22.9, 42.5
2015-12-07 00:54:27.323572, 22.89, 42.63
2015-12-07 00:54:47.819164, 22.88, 43.44
2015-12-07 00:55:08.301386, 22.9, 43.7
2015-12-07 00:55:28.834357, 22.9, 43.83
2015-12-07 00:55:49.314548, 22.91, 44.34
2015-12-07 00:56:09.821455, 22.92, 44.86
2015-12-07 00:56:30.430984, 22.93, 45.25
2015-12-07 00:56:50.898753, 22.94, 45.51
2015-12-07 00:57:11.494305, 22.96, 46.15
2015-12-07 00:57:32.034429, 22.96, 46.12
2015-12-07 00:57:52.571824, 23.0, 46.6
2015-12-07 00:58:13.056038, 22.99, 47.11
2015-12-07 00:58:33.598098, 23.02, 47.37
2015-12-07 00:58:54.119019, 23.03, 47.63
2015-12-07 00:59:14.630038, 23.04, 48.27
2015-12-07 00:59:35.210128, 23.05, 48.27
2015-12-07 00:59:55.742480, 23.07, 48.75
2015-12-07 01:00:16.246357, 23.06, 49.1
2015-12-07 01:00:36.810308, 23.07, 49.19
2015-12-07 01:00:57.270820, 23.1, 49.29
2015-12-07 01:01:17.774627, 23.11, 49.58
2015-12-07 01:01:38.560253, 23.12, 49.61
2015-12-07 01:01:59.040116, 23.14, 49.62
2015-12-07 01:02:19.603365, 23.16, 49.68
2015-12-07 01:02:40.127934, 23.17, 49.49
2015-12-07 01:03:00.619235, 23.18, 49.37
2015-12-07 01:03:21.150051, 23.2, 49.15
2015-12-07 01:03:41.731175, 23.2, 48.8
2015-12-07 01:04:02.255948, 23.2, 48.29
2015-12-07 01:04:22.755493, 23.19, 47.84
2015-12-07 01:04:43.307220, 23.19, 47.68
2015-12-07 01:05:03.837833, 23.17, 47.17
2015-12-07 01:05:24.351944, 23.16, 46.49
2015-12-07 01:05:44.946268, 23.16, 46.11
2015-12-07 01:06:05.466993, 23.12, 45.27
2015-12-07 01:06:25.982254, 23.12, 45.17
2015-12-07 01:06:46.520210, 23.1, 44.37
2015-12-07 01:07:06.947142, 23.07, 44.1
2015-12-07 01:07:27.603617, 23.05, 43.55
2015-12-07 01:07:47.930075, 23.02, 42.51
2015-12-07 01:08:08.405663, 22.99, 42.15
2015-12-07 01:08:28.914404, 22.98, 41.76
2015-12-07 01:08:49.484896, 22.92, 41.56
2015-12-07 01:09:09.938010, 22.91, 41.46
2015-12-07 01:09:30.422219, 22.9, 41.59
2015-12-07 01:09:50.994210, 22.88, 41.72
2015-12-07 01:10:11.504731, 22.87, 41.91
2015-12-07 01:10:32.063627, 22.85, 42.46
2015-12-07 01:10:52.659021, 22.86, 42.69
2015-12-07 01:11:13.133771, 22.87, 43.11
2015-12-07 01:11:33.627941, 22.88, 43.31
2015-12-07 01:11:54.184881, 22.9, 43.63
2015-12-07 01:12:14.666306, 22.91, 44.38
2015-12-07 01:12:35.216066, 22.94, 44.96
2015-12-07 01:12:55.828741, 22.94, 45.34
2015-12-07 01:13:16.306972, 22.97, 45.54
2015-12-07 01:13:36.818727, 22.98, 45.64
2015-12-07 01:13:57.379950, 22.98, 46.28
2015-12-07 01:14:17.887133, 22.98, 46.57
2015-12-07 01:14:38.400431, 22.99, 47.24
2015-12-07 01:14:58.980457, 23.0, 47.37
2015-12-07 01:15:19.466854, 23.02, 47.47
2015-12-07 01:15:39.978030, 23.04, 47.95
2015-12-07 01:16:00.534238, 23.06, 48.27
2015-12-07 01:16:21.048609, 23.07, 48.37
2015-12-07 01:16:41.556218, 23.07, 48.78
2015-12-07 01:17:02.155883, 23.08, 48.88
2015-12-07 01:17:22.625110, 23.09, 48.88
2015-12-07 01:17:43.162866, 23.1, 49.01
2015-12-07 01:18:03.941675, 23.12, 49.14
2015-12-07 01:18:24.417810, 23.12, 49.04
2015-12-07 01:18:44.932887, 23.16, 49.08
2015-12-07 01:19:05.777873, 23.16, 49.05
2015-12-07 01:19:26.260198, 23.15, 48.79
2015-12-07 01:19:46.726161, 23.18, 48.54
2015-12-07 01:20:07.255005, 23.19, 48.22
2015-12-07 01:20:27.740879, 23.19, 47.87
2015-12-07 01:20:48.194805, 23.18, 47.52
2015-12-07 01:21:08.932575, 23.17, 46.88
2015-12-07 01:21:29.390664, 23.17, 46.43
2015-12-07 01:21:49.933137, 23.16, 45.92
2015-12-07 01:22:10.467900, 23.13, 45.11
2015-12-07 01:22:30.889260, 23.11, 44.75
2015-12-07 01:22:51.418918, 23.1, 44.43
2015-12-07 01:23:11.958732, 23.08, 43.94
2015-12-07 01:23:32.423088, 23.06, 43.52
2015-12-07 01:23:52.926258, 23.03, 42.55
2015-12-07 01:24:13.454720, 23.02, 42.51
2015-12-07 01:24:33.931599, 22.99, 42.15
2015-12-07 01:24:54.459384, 22.97, 41.57
2015-12-07 01:25:15.069501, 22.96, 41.24
2015-12-07 01:25:35.547769, 22.94, 41.08
2015-12-07 01:25:56.127826, 22.92, 40.98
2015-12-07 01:26:16.717749, 22.9, 41.04
2015-12-07 01:26:37.223283, 22.9, 41.36
2015-12-07 01:26:57.704902, 22.88, 41.75
2015-12-07 01:27:18.244021, 22.87, 42.27
2015-12-07 01:27:38.761442, 22.86, 42.53
2015-12-07 01:27:59.359725, 22.86, 42.98
2015-12-07 01:28:19.958812, 22.89, 43.34
2015-12-07 01:28:40.430269, 22.9, 43.63
2015-12-07 01:29:00.946196, 22.92, 44.34
2015-12-07 01:29:21.679510, 22.92, 44.57
2015-12-07 01:29:42.215861, 22.95, 45.15
2015-12-07 01:30:02.750134, 22.97, 45.48
2015-12-07 01:30:23.287301, 22.97, 45.89
2015-12-07 01:30:43.818008, 22.98, 46.6
2015-12-07 01:31:04.279197, 23.0, 47.11
2015-12-07 01:31:24.838714, 23.02, 47.18
2015-12-07 01:31:45.294329, 23.03, 47.69
2015-12-07 01:32:05.822154, 23.04, 47.66
2015-12-07 01:32:26.427531, 23.06, 47.89
2015-12-07 01:32:46.886146, 23.05, 48.01
2015-12-07 01:33:07.428745, 23.07, 48.43
2015-12-07 01:33:28.196263, 23.09, 48.97
2015-12-07 01:33:48.652175, 23.1, 49.29
2015-12-07 01:34:09.213324, 23.12, 49.33
2015-12-07 01:34:29.729241, 23.12, 49.33
2015-12-07 01:34:50.189171, 23.14, 49.33
2015-12-07 01:35:10.715752, 23.16, 49.46
2015-12-07 01:35:31.290578, 23.16, 49.43
2015-12-07 01:35:51.750984, 23.17, 49.37
2015-12-07 01:36:12.215377, 23.17, 49.24
2015-12-07 01:36:32.784739, 23.19, 48.96
2015-12-07 01:36:53.267961, 23.2, 48.51
2015-12-07 01:37:13.762948, 23.2, 48.0
2015-12-07 01:37:34.287885, 23.19, 47.68
2015-12-07 01:37:54.776742, 23.18, 47.3
2015-12-07 01:38:15.279230, 23.16, 46.69
2015-12-07 01:38:36.040918, 23.16, 46.24
2015-12-07 01:38:56.566340, 23.13, 44.95
2015-12-07 01:39:17.056751, 23.12, 44.72
2015-12-07 01:39:37.576173, 23.1, 44.43
2015-12-07 01:39:58.075674, 23.08, 43.75
2015-12-07 01:40:18.609581, 23.06, 43.59
2015-12-07 01:40:39.510266, 23.05, 43.07
2015-12-07 01:41:00.039412, 23.0, 42.22
2015-12-07 01:41:20.512127, 22.99, 41.96
2015-12-07 01:41:41.087497, 22.97, 41.5
2015-12-07 01:42:01.606646, 22.94, 40.98
2015-12-07 01:42:22.146327, 22.94, 40.88
2015-12-07 01:42:42.673601, 22.88, 40.35
2015-12-07 01:43:03.168001, 22.86, 40.55
2015-12-07 01:43:23.672656, 22.84, 40.45
2015-12-07 01:43:44.408773, 22.83, 40.84
2015-12-07 01:44:04.857917, 22.84, 40.97
2015-12-07 01:44:25.339201, 22.83, 41.42
2015-12-07 01:44:45.869369, 22.84, 41.98
2015-12-07 01:45:06.403875, 22.87, 42.01
2015-12-07 01:45:26.861388, 22.85, 42.95
2015-12-07 01:45:47.473006, 22.87, 43.11
2015-12-07 01:46:07.972693, 22.87, 43.73
2015-12-07 01:46:28.456814, 22.89, 43.95
2015-12-07 01:46:49.011742, 22.91, 44.21
2015-12-07 01:47:09.470953, 22.93, 44.8
2015-12-07 01:47:30.010590, 22.94, 45.31
2015-12-07 01:47:50.595062, 22.94, 45.6
2015-12-07 01:48:11.148482, 22.96, 45.89
2015-12-07 01:48:31.822360, 22.97, 46.47
2015-12-07 01:48:52.672581, 23.0, 46.35
2015-12-07 01:49:13.275281, 23.01, 47.21
2015-12-07 01:49:34.041999, 23.01, 47.21
2015-12-07 01:49:54.828801, 23.02, 47.82
2015-12-07 01:50:15.414778, 23.04, 47.98
2015-12-07 01:50:36.089882, 23.04, 48.4
2015-12-07 01:50:56.816942, 23.05, 48.52
2015-12-07 01:51:17.412244, 23.07, 48.59
2015-12-07 01:51:37.977040, 23.09, 48.78
2015-12-07 01:51:58.941993, 23.1, 48.91
2015-12-07 01:52:20.191923, 23.11, 48.98
2015-12-07 01:52:40.919497, 23.12, 48.98
2015-12-07 01:53:01.721854, 23.13, 49.01
2015-12-07 01:53:22.307047, 23.14, 48.98
2015-12-07 01:53:43.021598, 23.16, 48.92
2015-12-07 01:54:03.715283, 23.18, 48.83
2015-12-07 01:54:24.404544, 23.18, 48.48
2015-12-07 01:54:45.294041, 23.18, 48.06
2015-12-07 01:55:06.001880, 23.17, 47.68
2015-12-07 01:55:26.611820, 23.18, 47.07
2015-12-07 01:55:47.318852, 23.17, 46.62
2015-12-07 01:56:08.025073, 23.15, 46.01
2015-12-07 01:56:28.600150, 23.14, 45.91
2015-12-07 01:56:49.193996, 23.12, 44.98
2015-12-07 01:57:09.719550, 23.1, 44.95
2015-12-07 01:57:30.159601, 23.1, 43.98
2015-12-07 01:57:50.860912, 23.09, 43.95
2015-12-07 01:58:11.413003, 23.05, 43.07
2015-12-07 01:58:31.839626, 23.03, 42.52
2015-12-07 01:58:52.325450, 22.99, 42.15
2015-12-07 01:59:12.804426, 22.97, 41.63
2015-12-07 01:59:33.262097, 22.94, 41.4
2015-12-07 01:59:53.840883, 22.93, 41.11
2015-12-07 02:00:14.409951, 22.89, 40.88
2015-12-07 02:00:34.857377, 22.86, 40.87
2015-12-07 02:00:55.327476, 22.86, 40.71
2015-12-07 02:01:15.886269, 22.86, 41.26
2015-12-07 02:01:36.370001, 22.84, 41.62
2015-12-07 02:01:56.839960, 22.82, 42.17
2015-12-07 02:02:17.363269, 22.84, 42.59
2015-12-07 02:02:37.845653, 22.85, 42.85
2015-12-07 02:02:58.333066, 22.85, 43.21
2015-12-07 02:03:18.886843, 22.88, 43.89
2015-12-07 02:03:39.332866, 22.88, 44.11
2015-12-07 02:03:59.813449, 22.89, 44.7
2015-12-07 02:04:20.314516, 22.91, 45.31
2015-12-07 02:04:40.777887, 22.92, 45.5
2015-12-07 02:05:01.280234, 22.93, 46.11
2015-12-07 02:05:21.860154, 22.93, 45.99
2015-12-07 02:05:42.334704, 22.95, 46.72
2015-12-07 02:06:02.802756, 22.96, 47.11
2015-12-07 02:06:23.430060, 22.98, 47.18
2015-12-07 02:06:43.891504, 23.0, 47.63
2015-12-07 02:07:04.363068, 23.02, 47.82
2015-12-07 02:07:25.116707, 23.01, 48.33
2015-12-07 02:07:45.554011, 23.04, 48.65
2015-12-07 02:08:06.034967, 23.06, 48.68
2015-12-07 02:08:26.769367, 23.06, 48.91
2015-12-07 02:08:47.260119, 23.08, 49.23
2015-12-07 02:09:07.745410, 23.08, 49.29
2015-12-07 02:09:28.254870, 23.1, 49.39
2015-12-07 02:09:48.707615, 23.11, 49.42
2015-12-07 02:10:09.212460, 23.13, 49.49
2015-12-07 02:10:29.689686, 23.13, 49.49
2015-12-07 02:10:50.177279, 23.14, 49.36
2015-12-07 02:11:10.679227, 23.15, 49.2
2015-12-07 02:11:31.178618, 23.16, 48.92
2015-12-07 02:11:51.627788, 23.16, 48.7
2015-12-07 02:12:12.189590, 23.18, 48.09
2015-12-07 02:12:32.716984, 23.18, 47.78
2015-12-07 02:12:53.189504, 23.17, 46.94
2015-12-07 02:13:13.701793, 23.16, 46.4
2015-12-07 02:13:34.278674, 23.14, 46.17
2015-12-07 02:13:55.030135, 23.12, 45.24
2015-12-07 02:14:15.502284, 23.1, 44.5
2015-12-07 02:14:36.014426, 23.1, 44.27
2015-12-07 02:14:56.570239, 23.06, 43.68
2015-12-07 02:15:17.061252, 23.05, 43.17
2015-12-07 02:15:37.575558, 23.0, 42.32
2015-12-07 02:15:58.033490, 22.98, 41.83
2015-12-07 02:16:18.563073, 22.95, 41.57
2015-12-07 02:16:39.133129, 22.93, 41.37
2015-12-07 02:16:59.622232, 22.91, 40.94
2015-12-07 02:17:20.109697, 22.91, 40.98
2015-12-07 02:17:40.689018, 22.88, 40.78
2015-12-07 02:18:01.312148, 22.87, 41.0
2015-12-07 02:18:21.805281, 22.85, 41.29
2015-12-07 02:18:42.514902, 22.88, 41.72
2015-12-07 02:19:03.000167, 22.86, 42.2
2015-12-07 02:19:23.540400, 22.87, 42.46
2015-12-07 02:19:44.079437, 22.87, 42.85
2015-12-07 02:20:04.567784, 22.89, 43.47
2015-12-07 02:20:25.065098, 22.89, 43.5
2015-12-07 02:20:45.573884, 22.9, 44.47
2015-12-07 02:21:06.112206, 22.9, 44.44
2015-12-07 02:21:26.600843, 22.92, 44.99
2015-12-07 02:21:47.172798, 22.94, 44.96
2015-12-07 02:22:07.710169, 22.95, 45.6
2015-12-07 02:22:28.204927, 22.95, 45.8
2015-12-07 02:22:48.801471, 22.96, 46.47
2015-12-07 02:23:09.255211, 22.98, 46.7
2015-12-07 02:23:29.767070, 23.0, 47.05
2015-12-07 02:23:50.300436, 23.01, 47.31
2015-12-07 02:24:10.754279, 23.02, 47.66
2015-12-07 02:24:31.295601, 23.02, 48.01
2015-12-07 02:24:51.828023, 23.04, 47.98
2015-12-07 02:25:12.333837, 23.05, 48.24
2015-12-07 02:25:32.837681, 23.08, 48.5
2015-12-07 02:25:53.356585, 23.08, 48.46
2015-12-07 02:26:13.822102, 23.08, 48.4
2015-12-07 02:26:34.321790, 23.11, 48.56
2015-12-07 02:26:54.879749, 23.12, 48.53
2015-12-07 02:27:15.377797, 23.12, 48.47
2015-12-07 02:27:35.842867, 23.14, 48.41
2015-12-07 02:27:56.377909, 23.15, 48.28
2015-12-07 02:28:16.819832, 23.16, 48.03
2015-12-07 02:28:37.303414, 23.17, 47.65
2015-12-07 02:28:57.859229, 23.16, 47.33
2015-12-07 02:29:18.286352, 23.18, 46.88
2015-12-07 02:29:38.820951, 23.16, 46.43
2015-12-07 02:29:59.331608, 23.16, 46.05
2015-12-07 02:30:19.791015, 23.14, 45.56
2015-12-07 02:30:40.471847, 23.13, 44.79
2015-12-07 02:31:00.989177, 23.12, 44.76
2015-12-07 02:31:21.479643, 23.11, 44.01
2015-12-07 02:31:41.931698, 23.09, 43.2
2015-12-07 02:32:02.711914, 23.06, 42.94
2015-12-07 02:32:23.167484, 23.05, 42.42
2015-12-07 02:32:43.674703, 23.01, 42.03
2015-12-07 02:33:04.215009, 23.0, 41.44
2015-12-07 02:33:24.623833, 22.96, 40.92
2015-12-07 02:33:45.113350, 22.95, 40.88
2015-12-07 02:34:05.667918, 22.92, 40.42
2015-12-07 02:34:26.204062, 22.9, 40.13
2015-12-07 02:34:46.690928, 22.88, 40.06
2015-12-07 02:35:07.206694, 22.85, 39.79
2015-12-07 02:35:27.717156, 22.84, 39.92
2015-12-07 02:35:48.261650, 22.82, 40.41
2015-12-07 02:36:08.824450, 22.82, 40.74
2015-12-07 02:36:29.276760, 22.82, 41.26
2015-12-07 02:36:49.738658, 22.82, 41.62
2015-12-07 02:37:10.319709, 22.82, 42.04
2015-12-07 02:37:30.790238, 22.84, 42.85
2015-12-07 02:37:51.254424, 22.86, 43.14
2015-12-07 02:38:11.844961, 22.87, 43.82
2015-12-07 02:38:32.289501, 22.87, 43.89
2015-12-07 02:38:52.814606, 22.89, 44.66
2015-12-07 02:39:13.410231, 22.91, 45.02
2015-12-07 02:39:33.843854, 22.91, 45.12
2015-12-07 02:39:54.360320, 22.93, 45.57
2015-12-07 02:40:14.899011, 22.95, 45.64
2015-12-07 02:40:35.371934, 22.95, 45.99
2015-12-07 02:40:55.894373, 22.98, 46.63
2015-12-07 02:41:16.455937, 22.98, 47.05
2015-12-07 02:41:36.937846, 23.01, 47.24
2015-12-07 02:41:57.462426, 23.01, 47.34
2015-12-07 02:42:18.125169, 23.02, 47.63
2015-12-07 02:42:38.847489, 23.04, 47.85
2015-12-07 02:42:59.326189, 23.05, 48.01
2015-12-07 02:43:19.850592, 23.05, 48.11
2015-12-07 02:43:41.535914, 23.07, 48.08
2015-12-07 02:44:02.071228, 23.08, 48.11
2015-12-07 02:44:22.674857, 23.1, 48.15
2015-12-07 02:44:43.167650, 23.1, 48.08
2015-12-07 02:45:03.709310, 23.13, 48.06
2015-12-07 02:45:24.350923, 23.15, 48.06
2015-12-07 02:45:45.054133, 23.16, 47.96
2015-12-07 02:46:05.622378, 23.16, 47.84
2015-12-07 02:46:26.470333, 23.17, 47.58
2015-12-07 02:46:47.188027, 23.18, 47.26
2015-12-07 02:47:07.798665, 23.18, 46.53
2015-12-07 02:47:28.369985, 23.18, 46.24
2015-12-07 02:47:48.846626, 23.17, 45.79
2015-12-07 02:48:09.314632, 23.15, 45.4
2015-12-07 02:48:29.903937, 23.15, 45.02
2015-12-07 02:48:50.390500, 23.14, 44.63
2015-12-07 02:49:10.884468, 23.12, 43.88
2015-12-07 02:49:31.445260, 23.1, 43.33
2015-12-07 02:49:51.880641, 23.06, 42.23
2015-12-07 02:50:12.426183, 23.06, 42.13
2015-12-07 02:50:32.969011, 23.02, 41.57
2015-12-07 02:50:53.592941, 22.99, 41.08
2015-12-07 02:51:14.089037, 22.98, 40.85
2015-12-07 02:51:34.650585, 22.94, 40.33
2015-12-07 02:51:55.106976, 22.92, 40.0
2015-12-07 02:52:15.573303, 22.91, 40.06
2015-12-07 02:52:36.148709, 22.87, 39.89
2015-12-07 02:52:56.622888, 22.87, 40.06
2015-12-07 02:53:17.086698, 22.85, 40.55
2015-12-07 02:53:37.631636, 22.85, 41.1
2015-12-07 02:53:58.064224, 22.82, 41.62
2015-12-07 02:54:18.555638, 22.83, 41.97
2015-12-07 02:54:39.260225, 22.83, 42.33
2015-12-07 02:54:59.738608, 22.86, 42.5
2015-12-07 02:55:20.274553, 22.87, 43.08
2015-12-07 02:55:40.818862, 22.87, 43.31
2015-12-07 02:56:01.310012, 22.9, 44.08
2015-12-07 02:56:21.857534, 22.89, 44.21
2015-12-07 02:56:42.371683, 22.92, 44.6
2015-12-07 02:57:02.882153, 22.93, 45.22
2015-12-07 02:57:23.381359, 22.94, 45.28
2015-12-07 02:57:44.024725, 22.94, 45.54
2015-12-07 02:58:04.539012, 22.97, 46.05
2015-12-07 02:58:25.061702, 22.97, 46.25
2015-12-07 02:58:45.896416, 22.99, 46.67
2015-12-07 02:59:06.331311, 23.01, 46.92
2015-12-07 02:59:26.819693, 23.0, 47.27
2015-12-07 02:59:47.586479, 23.02, 47.31
2015-12-07 03:00:08.220341, 23.04, 47.44
2015-12-07 03:00:28.730319, 23.05, 47.63
2015-12-07 03:00:49.406953, 23.06, 47.76
2015-12-07 03:01:09.920046, 23.09, 47.73
2015-12-07 03:01:30.463800, 23.1, 47.77
2015-12-07 03:01:51.203128, 23.11, 47.74
2015-12-07 03:02:11.698124, 23.13, 47.71
2015-12-07 03:02:32.157037, 23.14, 47.64
2015-12-07 03:02:52.674221, 23.17, 47.55
2015-12-07 03:03:13.187717, 23.15, 47.26
2015-12-07 03:03:33.656846, 23.17, 46.91
2015-12-07 03:03:54.254962, 23.18, 46.56
2015-12-07 03:04:14.764807, 23.18, 46.34
2015-12-07 03:04:35.255853, 23.17, 45.92
2015-12-07 03:04:55.789377, 23.15, 45.21
2015-12-07 03:05:16.280222, 23.15, 44.95
2015-12-07 03:05:37.724633, 23.13, 43.89
2015-12-07 03:05:58.303440, 23.11, 43.53
2015-12-07 03:06:18.737517, 23.08, 42.75
2015-12-07 03:06:39.293267, 23.06, 42.39
2015-12-07 03:06:59.820073, 23.02, 41.83
2015-12-07 03:07:20.317785, 23.0, 41.6
2015-12-07 03:07:41.024142, 22.98, 41.37
2015-12-07 03:08:01.690870, 22.96, 40.92
2015-12-07 03:08:22.140462, 22.94, 40.39
2015-12-07 03:08:42.635125, 22.91, 40.26
2015-12-07 03:09:03.164003, 22.9, 39.87
2015-12-07 03:09:23.637941, 22.88, 39.63
2015-12-07 03:09:45.040130, 22.83, 39.69
2015-12-07 03:10:05.781824, 22.83, 39.92
2015-12-07 03:10:26.270022, 22.82, 40.12
2015-12-07 03:10:46.735781, 22.83, 40.35
2015-12-07 03:11:07.350099, 22.84, 41.03
2015-12-07 03:11:27.822481, 22.82, 41.36
2015-12-07 03:11:48.379151, 22.84, 41.94
2015-12-07 03:12:09.063436, 22.85, 42.3
2015-12-07 03:12:29.572062, 22.86, 42.72
2015-12-07 03:12:50.083528, 22.87, 43.24
2015-12-07 03:13:10.890061, 22.88, 43.66
2015-12-07 03:13:31.375204, 22.88, 43.95
2015-12-07 03:13:52.017050, 22.9, 44.57
2015-12-07 03:14:12.712883, 22.91, 45.02
2015-12-07 03:14:33.279420, 22.92, 45.34
2015-12-07 03:14:53.760173, 22.94, 45.73
2015-12-07 03:15:14.303540, 22.96, 45.57
2015-12-07 03:15:34.755237, 22.96, 46.28
2015-12-07 03:15:55.301574, 22.98, 46.6
2015-12-07 03:16:16.072339, 23.0, 46.83
2015-12-07 03:16:36.773185, 23.01, 46.99
2015-12-07 03:16:57.349617, 23.02, 47.24
2015-12-07 03:17:17.900071, 23.04, 47.25
2015-12-07 03:17:38.450685, 23.05, 47.38
2015-12-07 03:17:58.985622, 23.06, 47.38
2015-12-07 03:18:19.771161, 23.07, 47.41
2015-12-07 03:18:40.430715, 23.1, 47.48
2015-12-07 03:19:00.890222, 23.11, 47.51
2015-12-07 03:19:21.427142, 23.12, 47.45
2015-12-07 03:19:41.910012, 23.13, 47.35
2015-12-07 03:20:02.443182, 23.15, 47.17
2015-12-07 03:20:23.059937, 23.17, 46.91
2015-12-07 03:20:43.539835, 23.16, 46.72
2015-12-07 03:21:04.076045, 23.16, 46.24
2015-12-07 03:21:24.545384, 23.15, 45.85
2015-12-07 03:21:45.619468, 23.14, 45.4
2015-12-07 03:22:06.121753, 23.13, 44.92
2015-12-07 03:22:26.905762, 23.12, 44.56
2015-12-07 03:22:47.427341, 23.1, 43.72
2015-12-07 03:23:07.895461, 23.1, 43.11
2015-12-07 03:23:28.916468, 23.07, 43.14
2015-12-07 03:23:49.398013, 23.04, 42.68
2015-12-07 03:24:09.853461, 23.03, 41.51
2015-12-07 03:24:30.444318, 23.01, 41.18
2015-12-07 03:24:51.089729, 22.98, 40.59
2015-12-07 03:25:11.584805, 22.96, 40.39
2015-12-07 03:25:32.123632, 22.92, 40.16
2015-12-07 03:25:52.742986, 22.91, 39.8
2015-12-07 03:26:13.245285, 22.88, 39.57
2015-12-07 03:26:33.919525, 22.86, 39.47
2015-12-07 03:26:54.460456, 22.85, 39.5
2015-12-07 03:27:14.964516, 22.83, 39.83
2015-12-07 03:27:35.726585, 22.83, 40.31
2015-12-07 03:27:56.200229, 22.81, 40.9
2015-12-07 03:28:17.695082, 22.82, 41.19
2015-12-07 03:28:38.402247, 22.84, 41.55
2015-12-07 03:28:59.189787, 22.82, 42.2
2015-12-07 03:29:19.959634, 22.85, 42.14
2015-12-07 03:29:40.522025, 22.85, 43.11
2015-12-07 03:30:01.050574, 22.88, 43.6
2015-12-07 03:30:21.601026, 22.91, 43.54
2015-12-07 03:30:43.356560, 22.91, 44.34
2015-12-07 03:31:03.854511, 22.92, 44.54
2015-12-07 03:31:24.371719, 22.92, 44.67
2015-12-07 03:31:44.920954, 22.94, 45.31
2015-12-07 03:32:05.452067, 22.94, 45.6
2015-12-07 03:32:25.952522, 22.96, 46.09
2015-12-07 03:32:46.663618, 22.98, 46.18
2015-12-07 03:33:07.312040, 22.99, 46.31
2015-12-07 03:33:27.821138, 23.0, 46.51
2015-12-07 03:33:48.444100, 23.0, 46.83
2015-12-07 03:34:08.926972, 23.02, 46.89
2015-12-07 03:34:29.429170, 23.04, 47.06
2015-12-07 03:34:50.302327, 23.05, 47.09
2015-12-07 03:35:11.061683, 23.06, 47.12
2015-12-07 03:35:32.375242, 23.08, 47.16
2015-12-07 03:35:52.924900, 23.1, 47.06
2015-12-07 03:36:13.370016, 23.12, 47.07
2015-12-07 03:36:33.940347, 23.14, 46.94
2015-12-07 03:36:54.484738, 23.15, 46.75
2015-12-07 03:37:15.233837, 23.16, 46.46
2015-12-07 03:37:35.783632, 23.16, 45.98
2015-12-07 03:37:56.497635, 23.17, 45.73
2015-12-07 03:38:16.966111, 23.16, 45.21
2015-12-07 03:38:37.458679, 23.16, 44.66
2015-12-07 03:38:58.025339, 23.13, 44.21
2015-12-07 03:39:18.482613, 23.12, 43.92
2015-12-07 03:39:38.964371, 23.1, 43.24
2015-12-07 03:39:59.495097, 23.08, 42.78
2015-12-07 03:40:20.030622, 23.06, 42.03
2015-12-07 03:40:40.522313, 23.03, 42.03
2015-12-07 03:41:01.339289, 23.02, 41.67
2015-12-07 03:41:22.101536, 22.99, 41.05
2015-12-07 03:41:42.646003, 22.96, 40.62
2015-12-07 03:42:03.168122, 22.95, 40.52
2015-12-07 03:42:23.635632, 22.92, 39.9
2015-12-07 03:42:44.212149, 22.89, 39.67
2015-12-07 03:43:04.739680, 22.88, 39.5
2015-12-07 03:43:25.477638, 22.87, 39.67
2015-12-07 03:43:45.962800, 22.87, 39.67
2015-12-07 03:44:06.640200, 22.84, 39.73
2015-12-07 03:44:27.172336, 22.83, 40.45
2015-12-07 03:44:47.629571, 22.82, 40.93
2015-12-07 03:45:08.745726, 22.84, 41.36
2015-12-07 03:45:29.260919, 22.86, 41.75
2015-12-07 03:45:49.776794, 22.87, 42.08
2015-12-07 03:46:10.503697, 22.86, 42.59
2015-12-07 03:46:30.944466, 22.9, 43.25
2015-12-07 03:46:51.476494, 22.9, 43.63
2015-12-07 03:47:12.233605, 22.92, 43.89
2015-12-07 03:47:32.970228, 22.91, 44.02
2015-12-07 03:47:53.469663, 22.92, 44.57
2015-12-07 03:48:13.979123, 22.94, 45.18
2015-12-07 03:48:34.425654, 22.96, 45.12
2015-12-07 03:48:54.944260, 22.98, 45.67
2015-12-07 03:49:15.517701, 22.99, 45.64
2015-12-07 03:49:36.314454, 23.0, 46.22
2015-12-07 03:49:56.803806, 23.02, 46.48
2015-12-07 03:50:17.354196, 23.03, 46.54
2015-12-07 03:50:37.827704, 23.04, 46.8
2015-12-07 03:50:58.356934, 23.06, 46.8
2015-12-07 03:51:19.112709, 23.04, 46.86
2015-12-07 03:51:39.575713, 23.06, 46.93
2015-12-07 03:52:00.100635, 23.08, 46.93
2015-12-07 03:52:20.644881, 23.1, 46.94
2015-12-07 03:52:41.283490, 23.11, 46.9
2015-12-07 03:53:01.866379, 23.12, 46.84
2015-12-07 03:53:22.669383, 23.14, 46.75
2015-12-07 03:53:43.143677, 23.16, 46.49
2015-12-07 03:54:03.591004, 23.17, 46.24
2015-12-07 03:54:24.104295, 23.16, 45.85
2015-12-07 03:54:44.565283, 23.17, 45.69
2015-12-07 03:55:05.095669, 23.15, 45.43
2015-12-07 03:55:25.616597, 23.14, 44.73
2015-12-07 03:55:46.286469, 23.15, 44.21
2015-12-07 03:56:06.859116, 23.11, 44.04
2015-12-07 03:56:27.686978, 23.1, 43.4
2015-12-07 03:56:48.200001, 23.08, 42.94
2015-12-07 03:57:08.711023, 23.07, 42.29
2015-12-07 03:57:29.220480, 23.05, 42.13
2015-12-07 03:57:49.717307, 23.02, 41.57
2015-12-07 03:58:10.207941, 23.0, 41.25
2015-12-07 03:58:30.712347, 22.98, 40.43
2015-12-07 03:58:51.191997, 22.97, 40.3
2015-12-07 03:59:11.687513, 22.92, 39.64
2015-12-07 03:59:32.283206, 22.9, 39.7
2015-12-07 03:59:53.192508, 22.89, 39.67
2015-12-07 04:00:13.678901, 22.85, 39.73
2015-12-07 04:00:34.216661, 22.85, 39.76
2015-12-07 04:00:54.660100, 22.85, 40.45
2015-12-07 04:01:15.136457, 22.84, 40.67
2015-12-07 04:01:35.796890, 22.84, 41.23
2015-12-07 04:01:56.232394, 22.85, 41.88
2015-12-07 04:02:16.996042, 22.85, 42.04
2015-12-07 04:02:37.759331, 22.87, 42.89
2015-12-07 04:02:58.265986, 22.88, 42.98
2015-12-07 04:03:18.790789, 22.89, 43.5
2015-12-07 04:03:39.340113, 22.9, 43.7
2015-12-07 04:04:00.140286, 22.92, 44.28
2015-12-07 04:04:20.687425, 22.91, 44.54
2015-12-07 04:04:41.295607, 22.94, 44.86
2015-12-07 04:05:01.822056, 22.94, 45.63
2015-12-07 04:05:22.361820, 22.96, 45.64
2015-12-07 04:05:43.093950, 22.98, 45.96
2015-12-07 04:06:03.870035, 22.99, 46.15
2015-12-07 04:06:24.363471, 23.0, 46.51
2015-12-07 04:06:44.940972, 23.01, 46.51
2015-12-07 04:07:05.450637, 23.03, 46.61
2015-12-07 04:07:26.006033, 23.04, 46.77
2015-12-07 04:07:46.626407, 23.05, 46.8
2015-12-07 04:08:07.154233, 23.06, 46.74
2015-12-07 04:08:27.783642, 23.08, 46.8
2015-12-07 04:08:48.347402, 23.1, 46.81
2015-12-07 04:09:08.804694, 23.11, 46.81
2015-12-07 04:09:29.275962, 23.14, 46.68
2015-12-07 04:09:49.823489, 23.15, 46.49
2015-12-07 04:10:10.292531, 23.15, 46.43
2015-12-07 04:10:30.775217, 23.16, 46.05
2015-12-07 04:10:51.356781, 23.16, 45.63
2015-12-07 04:11:11.800051, 23.16, 45.18
2015-12-07 04:11:32.290172, 23.15, 44.63
2015-12-07 04:11:52.917715, 23.14, 44.37
2015-12-07 04:12:13.662392, 23.12, 43.66
2015-12-07 04:12:34.494540, 23.12, 43.4
2015-12-07 04:12:54.993740, 23.1, 42.43
2015-12-07 04:13:15.513677, 23.08, 42.42
2015-12-07 04:13:36.589935, 23.05, 42.1
2015-12-07 04:13:57.127140, 23.04, 41.58
2015-12-07 04:14:17.652133, 23.02, 41.18
2015-12-07 04:14:38.280976, 23.0, 40.79
2015-12-07 04:14:59.033928, 22.98, 40.46
2015-12-07 04:15:19.476460, 22.95, 40.26
2015-12-07 04:15:39.924259, 22.94, 39.67
2015-12-07 04:16:00.497971, 22.93, 39.54
2015-12-07 04:16:20.957015, 22.89, 39.41
2015-12-07 04:16:41.469328, 22.88, 39.57
2015-12-07 04:17:02.301498, 22.88, 39.9
2015-12-07 04:17:22.733283, 22.88, 40.39
2015-12-07 04:17:43.230163, 22.88, 41.04
2015-12-07 04:18:03.753291, 22.87, 41.43
2015-12-07 04:18:24.254790, 22.86, 41.91
2015-12-07 04:18:45.072783, 22.86, 42.56
2015-12-07 04:19:05.743323, 22.87, 42.72
2015-12-07 04:19:26.226267, 22.88, 43.05
2015-12-07 04:19:46.746052, 22.9, 43.41
2015-12-07 04:20:07.303256, 22.9, 44.02
2015-12-07 04:20:27.785836, 22.91, 44.38
2015-12-07 04:20:48.395682, 22.94, 44.83
2015-12-07 04:21:08.937700, 22.95, 44.77
2015-12-07 04:21:29.664916, 22.96, 45.25
2015-12-07 04:21:50.234272, 22.98, 45.25
2015-12-07 04:22:10.798057, 22.98, 45.99
2015-12-07 04:22:31.231410, 22.98, 46.12
2015-12-07 04:22:51.741030, 23.0, 46.22
2015-12-07 04:23:12.500306, 23.01, 46.35
2015-12-07 04:23:32.981989, 23.01, 46.51
2015-12-07 04:23:53.522830, 23.04, 46.51
2015-12-07 04:24:14.123946, 23.06, 46.55
2015-12-07 04:24:34.591110, 23.06, 46.58
2015-12-07 04:24:55.120511, 23.08, 46.61
2015-12-07 04:25:16.049941, 23.09, 46.52
2015-12-07 04:25:36.655920, 23.1, 46.49
2015-12-07 04:25:57.160579, 23.13, 46.36
2015-12-07 04:26:17.920008, 23.14, 46.27
2015-12-07 04:26:38.723003, 23.15, 45.92
2015-12-07 04:26:59.273969, 23.17, 45.85
2015-12-07 04:27:19.832035, 23.16, 45.85
2015-12-07 04:27:40.301906, 23.17, 45.08
2015-12-07 04:28:00.809600, 23.14, 44.79
2015-12-07 04:28:21.375634, 23.14, 44.24
2015-12-07 04:28:41.859911, 23.12, 43.95
2015-12-07 04:29:02.372461, 23.1, 43.49
2015-12-07 04:29:23.191162, 23.11, 42.82
2015-12-07 04:29:43.683309, 23.08, 42.59
2015-12-07 04:30:04.212334, 23.07, 41.71
2015-12-07 04:30:24.831992, 23.04, 41.18
2015-12-07 04:30:45.332524, 23.01, 40.66
2015-12-07 04:31:05.911133, 22.98, 40.59
2015-12-07 04:31:26.982035, 22.97, 39.97
2015-12-07 04:31:47.503529, 22.94, 39.51
2015-12-07 04:32:08.011629, 22.9, 39.28
2015-12-07 04:32:28.623524, 22.87, 38.95
2015-12-07 04:32:49.061384, 22.85, 39.01
2015-12-07 04:33:09.547340, 22.84, 38.91
2015-12-07 04:33:30.131047, 22.82, 39.1
2015-12-07 04:33:50.963707, 22.82, 39.46
2015-12-07 04:34:11.474770, 22.82, 39.79
2015-12-07 04:34:32.173333, 22.84, 40.58
2015-12-07 04:34:52.641810, 22.84, 41.03
2015-12-07 04:35:13.108616, 22.84, 41.49
2015-12-07 04:35:33.864173, 22.84, 41.75
2015-12-07 04:35:54.359525, 22.87, 41.88
2015-12-07 04:36:14.827499, 22.87, 42.46
2015-12-07 04:36:35.351841, 22.89, 42.79
2015-12-07 04:36:55.783838, 22.9, 43.63
2015-12-07 04:37:16.316379, 22.92, 43.76
2015-12-07 04:37:37.142177, 22.94, 44.19
2015-12-07 04:37:57.612798, 22.94, 44.64
2015-12-07 04:38:18.165110, 22.96, 44.86
2015-12-07 04:38:38.663550, 22.96, 45.54
2015-12-07 04:38:59.174336, 22.98, 45.67
2015-12-07 04:39:19.697669, 22.98, 45.7
2015-12-07 04:39:40.264457, 23.02, 45.96
2015-12-07 04:40:00.951627, 23.02, 46.22
2015-12-07 04:40:21.715583, 23.02, 46.22
2015-12-07 04:40:42.309994, 23.04, 46.32
2015-12-07 04:41:02.790589, 23.07, 46.42
2015-12-07 04:41:23.310567, 23.05, 46.45
2015-12-07 04:41:43.898929, 23.06, 46.48
2015-12-07 04:42:04.681902, 23.09, 46.42
2015-12-07 04:42:25.269536, 23.1, 46.42
2015-12-07 04:42:45.808746, 23.11, 46.36
2015-12-07 04:43:06.247516, 23.15, 46.3
2015-12-07 04:43:26.807321, 23.16, 45.98
2015-12-07 04:43:47.383154, 23.16, 45.72
2015-12-07 04:44:08.037141, 23.18, 45.37
2015-12-07 04:44:28.528650, 23.18, 45.02
2015-12-07 04:44:49.054837, 23.18, 44.73
2015-12-07 04:45:09.509206, 23.15, 44.31
2015-12-07 04:45:29.978079, 23.16, 44.02
2015-12-07 04:45:50.554106, 23.14, 43.66
2015-12-07 04:46:11.669034, 23.13, 43.24
2015-12-07 04:46:32.220504, 23.1, 42.17
2015-12-07 04:46:52.804098, 23.1, 42.33
2015-12-07 04:47:13.250605, 23.06, 41.9
2015-12-07 04:47:33.720218, 23.03, 41.18
2015-12-07 04:47:54.527999, 23.03, 40.73
2015-12-07 04:48:15.055500, 22.98, 40.4
2015-12-07 04:48:35.819916, 22.98, 40.33
2015-12-07 04:48:56.338590, 22.96, 39.81
2015-12-07 04:49:16.820058, 22.9, 39.41
2015-12-07 04:49:37.350565, 22.9, 39.6
2015-12-07 04:49:57.890603, 22.88, 39.34
2015-12-07 04:50:18.681052, 22.86, 39.73
2015-12-07 04:50:39.451636, 22.85, 39.86
2015-12-07 04:51:00.343265, 22.85, 40.12
2015-12-07 04:51:20.815470, 22.86, 40.61
2015-12-07 04:51:41.282320, 22.85, 41.42
2015-12-07 04:52:01.852925, 22.86, 41.43
2015-12-07 04:52:22.323142, 22.87, 41.91
2015-12-07 04:52:43.123206, 22.87, 42.63
2015-12-07 04:53:03.841599, 22.88, 42.92
2015-12-07 04:53:24.309328, 22.89, 43.57
2015-12-07 04:53:44.843296, 22.91, 43.96
2015-12-07 04:54:05.390812, 22.93, 44.25
2015-12-07 04:54:25.834356, 22.92, 44.63
2015-12-07 04:54:46.609909, 22.96, 44.77
2015-12-07 04:55:07.143209, 22.95, 45.02
2015-12-07 04:55:27.652993, 22.97, 45.44
2015-12-07 04:55:48.116898, 22.98, 45.7
2015-12-07 04:56:08.653099, 22.99, 46.09
2015-12-07 04:56:29.404731, 23.01, 45.96
2015-12-07 04:56:50.103451, 23.02, 46.22
2015-12-07 04:57:10.653520, 23.03, 46.35
2015-12-07 04:57:31.095385, 23.06, 46.35
2015-12-07 04:57:51.580399, 23.06, 46.42
2015-12-07 04:58:12.142499, 23.06, 46.39
2015-12-07 04:58:32.879929, 23.1, 46.36
2015-12-07 04:58:53.409308, 23.12, 46.36
2015-12-07 04:59:14.184291, 23.12, 46.27
2015-12-07 04:59:34.648628, 23.15, 46.27
2015-12-07 04:59:55.241208, 23.17, 46.11
2015-12-07 05:00:15.961294, 23.18, 45.7
2015-12-07 05:00:38.439931, 23.18, 45.37
2015-12-07 05:00:59.169964, 23.17, 45.08
2015-12-07 05:01:19.805169, 23.16, 44.82
2015-12-07 05:01:40.279258, 23.16, 44.31
2015-12-07 05:02:00.741166, 23.16, 43.86
2015-12-07 05:02:21.327911, 23.13, 43.53
2015-12-07 05:02:41.792310, 23.1, 42.81
2015-12-07 05:03:02.547030, 23.1, 42.43
2015-12-07 05:03:23.126373, 23.08, 42.29
2015-12-07 05:03:43.620193, 23.06, 41.77
2015-12-07 05:04:04.164368, 23.05, 41.32
2015-12-07 05:04:24.672584, 23.02, 40.82
2015-12-07 05:04:45.159938, 23.0, 40.33
2015-12-07 05:05:05.856427, 22.97, 39.77
2015-12-07 05:05:26.482062, 22.96, 39.61
2015-12-07 05:05:46.950101, 22.92, 39.67
2015-12-07 05:06:07.435450, 22.9, 39.08
2015-12-07 05:06:27.977653, 22.87, 38.82
2015-12-07 05:06:48.505164, 22.86, 38.78
2015-12-07 05:07:09.313352, 22.84, 38.91
2015-12-07 05:07:29.921499, 22.85, 39.37
2015-12-07 05:07:50.380415, 22.84, 39.79
2015-12-07 05:08:10.912589, 22.84, 40.41
2015-12-07 05:08:31.500545, 22.83, 40.84
2015-12-07 05:08:51.953288, 22.85, 41.26
2015-12-07 05:09:12.472182, 22.85, 41.72
2015-12-07 05:09:33.032766, 22.86, 42.2
2015-12-07 05:09:53.495563, 22.88, 42.34
2015-12-07 05:10:13.979149, 22.89, 42.99
2015-12-07 05:10:34.580486, 22.9, 43.31
2015-12-07 05:10:55.099753, 22.91, 43.67
2015-12-07 05:11:15.732626, 22.94, 44.22
2015-12-07 05:11:36.267768, 22.93, 44.6
2015-12-07 05:11:56.829228, 22.94, 44.77
2015-12-07 05:12:17.325989, 22.96, 45.06
2015-12-07 05:12:37.924209, 22.97, 45.41
2015-12-07 05:12:58.355745, 22.98, 45.64
2015-12-07 05:13:18.910053, 22.98, 45.9
2015-12-07 05:13:39.464140, 23.0, 46.03
2015-12-07 05:13:59.942564, 23.02, 46.16
2015-12-07 05:14:20.519983, 23.04, 46.29
2015-12-07 05:14:41.115464, 23.05, 46.38
2015-12-07 05:15:01.590016, 23.07, 46.48
2015-12-07 05:15:22.104420, 23.08, 46.39
2015-12-07 05:15:42.783216, 23.1, 46.36
2015-12-07 05:16:03.335691, 23.1, 46.39
2015-12-07 05:16:23.975905, 23.12, 46.36
2015-12-07 05:16:44.534457, 23.13, 46.27
2015-12-07 05:17:05.149905, 23.15, 46.04
2015-12-07 05:17:25.627779, 23.16, 45.63
2015-12-07 05:17:46.436111, 23.17, 45.47
2015-12-07 05:18:07.047597, 23.15, 45.02
2015-12-07 05:18:27.549983, 23.18, 44.6
2015-12-07 05:18:48.081588, 23.15, 44.24
2015-12-07 05:19:08.516157, 23.13, 43.63
2015-12-07 05:19:29.070212, 23.13, 43.27
2015-12-07 05:19:49.725279, 23.12, 42.88
2015-12-07 05:20:10.193203, 23.1, 42.62
2015-12-07 05:20:31.005016, 23.08, 41.51
2015-12-07 05:20:51.520520, 23.05, 41.58
2015-12-07 05:21:12.014203, 23.02, 41.35
2015-12-07 05:21:32.669769, 22.99, 40.4
2015-12-07 05:21:53.201335, 22.98, 39.81
2015-12-07 05:22:13.682606, 22.96, 39.74
2015-12-07 05:22:34.337369, 22.9, 39.21
2015-12-07 05:22:54.934930, 22.9, 38.95
2015-12-07 05:23:15.551797, 22.87, 38.62
2015-12-07 05:23:36.040407, 22.86, 38.68
2015-12-07 05:23:56.940360, 22.84, 38.65
2015-12-07 05:24:17.629186, 22.84, 39.01
2015-12-07 05:24:38.794792, 22.82, 39.3
2015-12-07 05:24:59.526785, 22.83, 39.6
2015-12-07 05:25:20.145334, 22.83, 40.18
2015-12-07 05:25:40.877294, 22.83, 40.64
2015-12-07 05:26:01.670258, 22.84, 40.9
2015-12-07 05:26:22.595707, 22.87, 41.39
2015-12-07 05:26:43.181019, 22.88, 41.82
2015-12-07 05:27:04.423634, 22.88, 42.14
2015-12-07 05:27:24.961842, 22.88, 42.73
2015-12-07 05:27:45.503908, 22.9, 43.21
2015-12-07 05:28:06.149567, 22.92, 43.51
2015-12-07 05:28:26.856557, 22.92, 43.89
2015-12-07 05:28:47.502160, 22.93, 44.54
2015-12-07 05:29:08.067380, 22.94, 44.73
2015-12-07 05:29:29.905210, 22.96, 45.06
2015-12-07 05:29:50.430302, 22.97, 45.41
2015-12-07 05:30:10.936698, 22.98, 45.64
2015-12-07 05:30:31.657966, 22.98, 45.83
2015-12-07 05:30:52.336277, 23.0, 46.03
2015-12-07 05:31:12.796991, 23.02, 46.09
2015-12-07 05:31:33.285789, 23.02, 46.16
2015-12-07 05:31:53.747136, 23.05, 46.16
2015-12-07 05:32:14.322441, 23.06, 46.29
2015-12-07 05:32:35.173378, 23.06, 46.26
2015-12-07 05:32:55.657755, 23.07, 46.23
2015-12-07 05:33:16.170598, 23.09, 46.2
2015-12-07 05:33:36.619614, 23.11, 46.17
2015-12-07 05:33:57.106233, 23.12, 45.98
2015-12-07 05:34:17.733587, 23.13, 45.79
2015-12-07 05:34:38.494577, 23.14, 45.66
2015-12-07 05:34:59.020142, 23.16, 45.15
2015-12-07 05:35:19.737534, 23.15, 44.79
2015-12-07 05:35:40.240988, 23.15, 44.4
2015-12-07 05:36:00.795103, 23.14, 43.73
2015-12-07 05:36:21.467319, 23.12, 43.63
2015-12-07 05:36:42.076787, 23.1, 43.27
2015-12-07 05:37:02.768831, 23.09, 42.3
2015-12-07 05:37:23.329629, 23.07, 41.97
2015-12-07 05:37:43.790372, 23.06, 41.51
2015-12-07 05:38:04.289088, 23.05, 41.38
2015-12-07 05:38:24.857957, 23.01, 40.79
2015-12-07 05:38:45.586573, 22.99, 40.36
2015-12-07 05:39:06.125720, 22.96, 40.07
2015-12-07 05:39:26.664354, 22.92, 39.57
2015-12-07 05:39:47.108724, 22.9, 39.28
2015-12-07 05:40:07.625826, 22.88, 38.95
2015-12-07 05:40:28.144249, 22.87, 39.21
2015-12-07 05:40:48.806459, 22.84, 39.14
2015-12-07 05:41:09.330296, 22.83, 39.37
2015-12-07 05:41:30.052687, 22.83, 39.79
2015-12-07 05:41:50.558972, 22.84, 40.09
2015-12-07 05:42:11.011569, 22.84, 40.51
2015-12-07 05:42:31.613349, 22.85, 41.46
2015-12-07 05:42:52.081454, 22.86, 41.52
2015-12-07 05:43:12.660089, 22.86, 42.2
2015-12-07 05:43:33.199786, 22.86, 42.33
2015-12-07 05:43:53.697392, 22.89, 42.92
2015-12-07 05:44:14.163046, 22.9, 43.37
2015-12-07 05:44:34.943565, 22.91, 43.89
2015-12-07 05:44:55.409357, 22.93, 44.31
2015-12-07 05:45:16.187938, 22.92, 44.54
2015-12-07 05:45:36.735858, 22.94, 44.86
2015-12-07 05:45:57.400963, 22.94, 44.86
2015-12-07 05:46:17.973167, 22.97, 45.38
2015-12-07 05:46:38.739528, 22.98, 45.48
2015-12-07 05:46:59.401754, 23.0, 45.74
2015-12-07 05:47:19.892227, 23.0, 45.83
2015-12-07 05:47:40.447735, 23.0, 45.96
2015-12-07 05:48:00.989232, 23.02, 46.03
2015-12-07 05:48:21.505002, 23.04, 46.03
2015-12-07 05:48:42.268113, 23.06, 46.1
2015-12-07 05:49:02.924124, 23.07, 46.16
2015-12-07 05:49:23.415108, 23.08, 46.04
2015-12-07 05:49:43.960044, 23.1, 46.1
2015-12-07 05:50:04.410067, 23.11, 46.01
2015-12-07 05:50:24.869851, 23.13, 45.88
2015-12-07 05:50:45.491359, 23.15, 45.72
2015-12-07 05:51:06.140479, 23.17, 45.4
2015-12-07 05:51:26.672479, 23.16, 45.15
2015-12-07 05:51:47.160081, 23.16, 44.76
2015-12-07 05:52:07.647560, 23.16, 44.41
2015-12-07 05:52:28.286176, 23.16, 44.05
2015-12-07 05:52:49.005442, 23.14, 43.4
2015-12-07 05:53:09.480196, 23.12, 42.82
2015-12-07 05:53:29.951386, 23.1, 42.69
2015-12-07 05:53:50.934393, 23.06, 41.8
2015-12-07 05:54:11.420344, 23.06, 41.64
2015-12-07 05:54:31.947892, 23.04, 41.41
2015-12-07 05:54:52.553687, 23.02, 40.53
2015-12-07 05:55:13.038785, 22.98, 40.27
2015-12-07 05:55:33.552449, 22.96, 39.77
2015-12-07 05:55:54.096675, 22.94, 39.61
2015-12-07 05:56:14.796184, 22.92, 39.21
2015-12-07 05:56:35.326316, 22.9, 39.11
2015-12-07 05:56:55.870669, 22.86, 39.01
2015-12-07 05:57:16.395249, 22.85, 39.08
2015-12-07 05:57:36.880045, 22.82, 38.94
2015-12-07 05:57:57.435154, 22.82, 39.4
2015-12-07 05:58:17.951927, 22.82, 39.6
2015-12-07 05:58:38.710208, 22.82, 40.05
2015-12-07 05:58:59.366544, 22.82, 40.25
2015-12-07 05:59:19.820506, 22.82, 40.57
2015-12-07 05:59:40.316153, 22.82, 41.16
2015-12-07 06:00:00.834884, 22.84, 41.62
2015-12-07 06:00:21.303004, 22.84, 42.14
2015-12-07 06:00:41.832460, 22.87, 42.53
2015-12-07 06:01:03.406843, 22.87, 42.82
2015-12-07 06:01:24.129069, 22.9, 43.12
2015-12-07 06:01:44.612257, 22.9, 43.63
2015-12-07 06:02:05.122540, 22.92, 44.02
2015-12-07 06:02:25.641194, 22.93, 44.48
2015-12-07 06:02:46.111888, 22.94, 44.73
2015-12-07 06:03:06.643895, 22.96, 44.74
2015-12-07 06:03:27.186028, 22.96, 45.25
2015-12-07 06:03:47.962141, 22.97, 45.61
2015-12-07 06:04:08.683041, 23.0, 45.83
2015-12-07 06:04:29.153228, 22.99, 46.02
2015-12-07 06:04:49.714839, 23.02, 46.06
2015-12-07 06:05:10.286257, 23.01, 46.16
2015-12-07 06:05:30.882830, 23.02, 46.09
2015-12-07 06:05:51.670168, 23.04, 46.22
2015-12-07 06:06:12.270133, 23.06, 46.19
2015-12-07 06:06:32.920202, 23.06, 46.23
2015-12-07 06:06:53.447915, 23.08, 46.1
2015-12-07 06:07:13.984513, 23.11, 46.14
2015-12-07 06:07:34.499717, 23.12, 46.1
2015-12-07 06:07:55.139548, 23.16, 45.92
2015-12-07 06:08:15.927468, 23.16, 45.69
2015-12-07 06:08:36.406462, 23.18, 45.5
2015-12-07 06:08:56.886421, 23.17, 45.05
2015-12-07 06:09:17.668109, 23.17, 44.76
2015-12-07 06:09:38.149344, 23.17, 44.5
2015-12-07 06:09:58.999203, 23.16, 44.15
2015-12-07 06:10:19.527927, 23.14, 43.4
2015-12-07 06:10:40.013612, 23.12, 42.4
2015-12-07 06:11:00.706111, 23.11, 42.46
2015-12-07 06:11:21.515379, 23.09, 41.78
2015-12-07 06:11:42.032054, 23.06, 41.28
2015-12-07 06:12:02.600425, 23.03, 41.22
2015-12-07 06:12:23.227485, 23.0, 40.56
2015-12-07 06:12:43.691713, 23.0, 40.4
2015-12-07 06:13:04.227413, 22.96, 40.07
2015-12-07 06:13:24.779298, 22.94, 39.44
2015-12-07 06:13:45.263469, 22.93, 39.41
2015-12-07 06:14:05.792004, 22.91, 38.95
2015-12-07 06:14:26.705106, 22.89, 38.65
2015-12-07 06:14:47.155478, 22.89, 38.62
2015-12-07 06:15:07.669958, 22.85, 38.45
2015-12-07 06:15:28.226350, 22.84, 38.58
2015-12-07 06:15:48.774618, 22.83, 38.88
2015-12-07 06:16:09.403291, 22.83, 39.5
2015-12-07 06:16:30.145955, 22.83, 40.18
2015-12-07 06:16:50.682838, 22.82, 40.61
2015-12-07 06:17:11.185977, 22.84, 40.51
2015-12-07 06:17:32.683253, 22.84, 41.2
2015-12-07 06:17:53.422674, 22.84, 41.81
2015-12-07 06:18:13.980392, 22.86, 42.3
2015-12-07 06:18:34.505663, 22.87, 42.82
2015-12-07 06:18:54.988647, 22.88, 43.18
2015-12-07 06:19:15.473677, 22.88, 43.31
2015-12-07 06:19:36.074223, 22.91, 43.44
2015-12-07 06:19:56.618080, 22.92, 43.99
2015-12-07 06:20:17.306002, 22.92, 44.41
2015-12-07 06:20:37.916401, 22.94, 44.57
2015-12-07 06:20:58.360603, 22.97, 45.19
2015-12-07 06:21:18.870172, 22.96, 45.32
2015-12-07 06:21:39.413981, 22.98, 45.64
2015-12-07 06:21:59.924216, 22.98, 45.83
2015-12-07 06:22:20.790567, 23.01, 45.8
2015-12-07 06:22:41.712557, 23.0, 45.9
2015-12-07 06:23:02.178996, 23.03, 46.0
2015-12-07 06:23:22.663530, 23.04, 46.03
2015-12-07 06:23:43.253676, 23.05, 46.03
2015-12-07 06:24:03.800217, 23.06, 46.03
2015-12-07 06:24:24.572341, 23.08, 45.97
2015-12-07 06:24:45.087365, 23.1, 45.97
2015-12-07 06:25:07.340576, 23.12, 45.85
2015-12-07 06:25:27.880305, 23.13, 45.72
2015-12-07 06:25:48.456459, 23.14, 45.27
2015-12-07 06:26:08.947746, 23.15, 45.11
2015-12-07 06:26:30.469417, 23.14, 44.69
2015-12-07 06:26:50.990125, 23.14, 44.4
2015-12-07 06:27:11.463226, 23.13, 43.98
2015-12-07 06:27:31.931695, 23.12, 43.3
2015-12-07 06:27:52.441484, 23.11, 42.65
2015-12-07 06:28:12.945239, 23.08, 42.65
2015-12-07 06:28:33.529960, 23.06, 42.16
2015-12-07 06:28:54.447738, 23.04, 41.77
2015-12-07 06:29:14.933463, 23.04, 41.31
2015-12-07 06:29:35.414723, 23.0, 40.69
2015-12-07 06:29:56.291621, 22.98, 40.46
2015-12-07 06:30:16.706324, 22.96, 39.77
2015-12-07 06:30:37.314044, 22.93, 39.41
2015-12-07 06:30:57.854923, 22.9, 39.01
2015-12-07 06:31:18.282605, 22.89, 38.88
2015-12-07 06:31:38.799944, 22.86, 38.55
2015-12-07 06:31:59.596960, 22.84, 38.55
2015-12-07 06:32:20.153911, 22.83, 38.61
2015-12-07 06:32:40.673834, 22.8, 38.78
2015-12-07 06:33:02.087023, 22.81, 39.33
2015-12-07 06:33:22.636030, 22.81, 39.66
2015-12-07 06:33:43.099170, 22.8, 40.12
2015-12-07 06:34:03.651521, 22.82, 40.54
2015-12-07 06:34:24.141560, 22.83, 40.97
2015-12-07 06:34:44.719501, 22.84, 41.42
2015-12-07 06:35:05.298839, 22.85, 41.62
2015-12-07 06:35:25.720986, 22.88, 42.11
2015-12-07 06:35:46.262495, 22.88, 42.85
2015-12-07 06:36:06.833261, 22.88, 43.18
2015-12-07 06:36:27.482598, 22.9, 43.31
2015-12-07 06:36:48.014272, 22.9, 44.08
2015-12-07 06:37:08.564970, 22.92, 44.41
2015-12-07 06:37:29.100882, 22.94, 44.48
2015-12-07 06:37:49.620158, 22.94, 44.93
2015-12-07 06:38:10.184491, 22.96, 45.06
2015-12-07 06:38:30.815854, 22.97, 45.54
2015-12-07 06:38:51.299062, 22.98, 45.64
2015-12-07 06:39:12.010360, 22.98, 45.83
2015-12-07 06:39:32.571850, 23.03, 45.84
2015-12-07 06:39:53.767285, 23.02, 46.03
2015-12-07 06:40:14.342713, 23.04, 46.03
2015-12-07 06:40:34.813303, 23.04, 46.03
2015-12-07 06:40:55.329882, 23.05, 46.03
2015-12-07 06:41:16.133947, 23.07, 46.03
2015-12-07 06:41:36.603685, 23.09, 45.97
2015-12-07 06:41:57.127805, 23.1, 45.88
2015-12-07 06:42:17.694991, 23.12, 45.85
2015-12-07 06:42:38.186781, 23.15, 45.69
2015-12-07 06:42:58.826986, 23.16, 45.53
2015-12-07 06:43:19.352368, 23.16, 45.11
2015-12-07 06:43:39.808900, 23.17, 44.83
2015-12-07 06:44:00.284637, 23.16, 44.5
2015-12-07 06:44:20.818928, 23.16, 43.99
2015-12-07 06:44:41.325779, 23.15, 43.73
2015-12-07 06:45:01.905892, 23.13, 42.98
2015-12-07 06:45:22.441662, 23.1, 42.69
2015-12-07 06:45:42.869264, 23.1, 41.84
2015-12-07 06:46:03.373385, 23.08, 41.84
2015-12-07 06:46:23.920240, 23.06, 41.32
2015-12-07 06:46:44.377144, 23.05, 40.57
2015-12-07 06:47:04.930185, 23.0, 40.5
2015-12-07 06:47:25.722664, 22.99, 40.07
2015-12-07 06:47:46.178775, 22.96, 39.94
2015-12-07 06:48:06.648509, 22.94, 39.31
2015-12-07 06:48:27.172201, 22.91, 38.88
2015-12-07 06:48:47.712588, 22.88, 38.72
2015-12-07 06:49:08.369579, 22.86, 38.75
2015-12-07 06:49:28.952096, 22.84, 38.68
2015-12-07 06:49:49.475967, 22.84, 38.88
2015-12-07 06:50:09.959692, 22.84, 39.4
2015-12-07 06:50:30.457852, 22.83, 39.86
2015-12-07 06:50:50.976841, 22.82, 40.28
2015-12-07 06:51:11.524067, 22.82, 40.8
2015-12-07 06:51:32.071967, 22.84, 41.29
2015-12-07 06:51:52.520153, 22.85, 41.33
2015-12-07 06:52:13.060991, 22.87, 41.75
2015-12-07 06:52:33.899350, 22.88, 42.17
2015-12-07 06:52:54.380390, 22.89, 42.79
2015-12-07 06:53:14.875284, 22.9, 43.21
2015-12-07 06:53:35.432931, 22.91, 43.63
2015-12-07 06:53:55.944405, 22.91, 44.05
2015-12-07 06:54:16.420280, 22.93, 44.38
2015-12-07 06:54:36.983964, 22.94, 44.73
2015-12-07 06:54:57.429690, 22.95, 45.25
2015-12-07 06:55:17.912960, 22.96, 45.38
2015-12-07 06:55:38.734583, 22.98, 45.51
2015-12-07 06:55:59.165974, 22.98, 45.64
2015-12-07 06:56:19.662606, 23.0, 45.74
2015-12-07 06:56:40.202401, 23.01, 45.87
2015-12-07 06:57:00.649427, 23.02, 46.03
2015-12-07 06:57:21.300569, 23.04, 46.03
2015-12-07 06:57:41.807100, 23.05, 45.97
2015-12-07 06:58:02.320386, 23.08, 46.0
2015-12-07 06:58:22.853002, 23.1, 45.91
2015-12-07 06:58:43.418935, 23.12, 45.91
2015-12-07 06:59:03.903023, 23.15, 45.79
2015-12-07 06:59:24.480476, 23.16, 45.66
2015-12-07 06:59:45.169187, 23.17, 45.44
2015-12-07 07:00:06.103643, 23.19, 45.15
2015-12-07 07:00:26.645139, 23.18, 44.96
2015-12-07 07:00:47.205699, 23.18, 44.76
2015-12-07 07:01:07.646341, 23.16, 44.41
2015-12-07 07:01:28.202965, 23.15, 43.98
2015-12-07 07:01:48.880939, 23.13, 43.27
2015-12-07 07:02:09.366053, 23.12, 42.75
2015-12-07 07:02:30.381123, 23.08, 41.94
2015-12-07 07:02:50.934646, 23.06, 42.13
2015-12-07 07:03:11.457881, 23.05, 41.71
2015-12-07 07:03:32.144542, 23.02, 40.92
2015-12-07 07:03:52.850072, 22.98, 40.43
2015-12-07 07:04:13.853280, 22.97, 40.26
2015-12-07 07:04:34.405367, 22.96, 40.13
2015-12-07 07:04:55.026694, 22.94, 39.67
2015-12-07 07:05:15.474840, 22.93, 39.28
2015-12-07 07:05:35.965939, 22.89, 39.14
2015-12-07 07:05:56.855146, 22.88, 38.72
2015-12-07 07:06:17.427878, 22.86, 38.58
2015-12-07 07:06:37.990853, 22.85, 38.68
2015-12-07 07:06:58.726179, 22.83, 38.75
2015-12-07 07:07:19.200811, 22.81, 39.1
2015-12-07 07:07:39.750152, 22.81, 39.43
2015-12-07 07:08:00.466487, 22.79, 40.05
2015-12-07 07:08:20.910620, 22.8, 39.92
2015-12-07 07:08:41.458925, 22.82, 40.9
2015-12-07 07:09:02.044846, 22.83, 41.58
2015-12-07 07:09:22.537346, 22.84, 41.94
2015-12-07 07:09:43.035253, 22.86, 42.72
2015-12-07 07:10:03.907744, 22.87, 42.59
2015-12-07 07:10:24.390995, 22.87, 42.92
2015-12-07 07:10:44.875353, 22.88, 43.79
2015-12-07 07:11:05.448592, 22.9, 44.08
2015-12-07 07:11:25.946224, 22.91, 44.7
2015-12-07 07:11:46.490180, 22.92, 44.92
2015-12-07 07:12:07.197790, 22.92, 45.12
2015-12-07 07:12:27.850101, 22.95, 45.6
2015-12-07 07:12:48.329876, 22.96, 45.96
2015-12-07 07:13:09.071125, 22.97, 46.21
2015-12-07 07:13:29.522837, 22.98, 46.47
2015-12-07 07:13:50.053265, 22.98, 46.54
2015-12-07 07:14:10.740238, 23.01, 46.76
2015-12-07 07:14:31.190192, 23.02, 46.83
2015-12-07 07:14:51.690263, 23.04, 46.9
2015-12-07 07:15:12.282880, 23.05, 46.96
2015-12-07 07:15:32.793093, 23.07, 47.06
2015-12-07 07:15:53.405708, 23.07, 47.06
2015-12-07 07:16:13.950671, 23.1, 47.06
2015-12-07 07:16:34.424540, 23.12, 47.03
2015-12-07 07:16:54.943457, 23.13, 46.94
2015-12-07 07:17:15.567718, 23.16, 46.85
2015-12-07 07:17:36.219177, 23.19, 46.82
2015-12-07 07:17:56.862787, 23.22, 46.69
2015-12-07 07:18:17.569458, 23.25, 46.57
2015-12-07 07:18:38.025816, 23.27, 46.51
2015-12-07 07:18:58.555408, 23.29, 46.45
2015-12-07 07:19:19.170307, 23.32, 46.35
2015-12-07 07:19:39.665854, 23.35, 46.2
2015-12-07 07:20:00.253485, 23.38, 46.1
2015-12-07 07:20:20.801190, 23.38, 46.07
2015-12-07 07:20:41.269368, 23.43, 45.95
2015-12-07 07:21:01.764810, 23.44, 45.89
2015-12-07 07:21:22.349707, 23.46, 45.76
2015-12-07 07:21:43.324403, 23.48, 45.7
2015-12-07 07:22:03.923137, 23.51, 45.51
2015-12-07 07:22:24.773300, 23.52, 45.45
2015-12-07 07:22:45.276104, 23.57, 45.36
2015-12-07 07:23:05.830425, 23.59, 45.26
2015-12-07 07:23:26.360620, 23.61, 45.14
2015-12-07 07:23:46.820041, 23.63, 45.04
2015-12-07 07:24:07.476270, 23.64, 44.95
2015-12-07 07:24:27.988950, 23.67, 44.92
2015-12-07 07:24:48.760847, 23.68, 44.82
2015-12-07 07:25:09.244450, 23.68, 44.73
2015-12-07 07:25:29.802809, 23.7, 44.66
2015-12-07 07:25:50.290178, 23.71, 44.6
2015-12-07 07:26:10.809885, 23.74, 44.51
2015-12-07 07:26:31.605886, 23.75, 44.44
2015-12-07 07:26:52.206447, 23.76, 44.19
2015-12-07 07:27:13.557380, 23.78, 43.93
2015-12-07 07:27:34.143876, 23.76, 43.77
2015-12-07 07:27:54.660084, 23.72, 43.6
2015-12-07 07:28:15.138909, 23.7, 43.24
2015-12-07 07:28:35.840183, 23.68, 43.01
2015-12-07 07:28:56.317499, 23.65, 42.59
2015-12-07 07:29:16.826458, 23.6, 42.35
2015-12-07 07:29:37.325558, 23.55, 42.02
2015-12-07 07:29:57.749815, 23.51, 41.82
2015-12-07 07:30:18.225652, 23.48, 41.62
2015-12-07 07:30:39.088649, 23.45, 41.23
2015-12-07 07:30:59.625235, 23.44, 40.9
2015-12-07 07:31:20.073547, 23.39, 40.31
2015-12-07 07:31:40.677778, 23.36, 40.08
2015-12-07 07:32:01.160195, 23.32, 39.88
2015-12-07 07:32:21.640200, 23.3, 39.42
2015-12-07 07:32:42.459180, 23.26, 39.05
2015-12-07 07:33:02.951955, 23.23, 38.66
2015-12-07 07:33:23.482811, 23.22, 38.33
2015-12-07 07:33:43.976403, 23.18, 37.9
2015-12-07 07:34:04.493935, 23.16, 37.63
2015-12-07 07:34:25.007977, 23.12, 37.4
2015-12-07 07:34:45.827544, 23.1, 37.26
2015-12-07 07:35:06.314730, 23.06, 37.29
2015-12-07 07:35:26.834233, 23.06, 36.99
2015-12-07 07:35:47.433161, 23.01, 36.59
2015-12-07 07:36:07.909881, 22.99, 36.29
2015-12-07 07:36:28.458703, 22.96, 36.19
2015-12-07 07:36:49.166927, 22.92, 36.22
2015-12-07 07:37:09.756515, 22.9, 35.92
2015-12-07 07:37:30.235911, 22.91, 35.89
2015-12-07 07:37:50.800797, 22.87, 35.59
2015-12-07 07:38:11.235900, 22.85, 35.59
2015-12-07 07:38:31.741169, 22.82, 35.39
2015-12-07 07:38:52.250684, 22.8, 35.58
2015-12-07 07:39:13.082582, 22.8, 35.45
2015-12-07 07:39:33.644155, 22.78, 35.58
2015-12-07 07:39:54.232028, 22.77, 36.08
2015-12-07 07:40:14.729451, 22.76, 36.44
2015-12-07 07:40:35.197490, 22.76, 37.03
2015-12-07 07:40:55.757828, 22.78, 37.49
2015-12-07 07:41:16.245810, 22.76, 38.05
2015-12-07 07:41:36.739505, 22.8, 38.61
2015-12-07 07:41:57.295846, 22.8, 39.59
2015-12-07 07:42:17.773939, 22.81, 39.56
2015-12-07 07:42:38.574734, 22.83, 40.31
2015-12-07 07:42:59.633129, 22.84, 40.84
2015-12-07 07:43:20.091207, 22.87, 41.1
2015-12-07 07:43:40.635994, 22.88, 41.69
2015-12-07 07:44:01.184928, 22.91, 41.95
2015-12-07 07:44:21.655322, 22.93, 42.41
2015-12-07 07:44:42.152331, 22.94, 42.8
2015-12-07 07:45:02.826381, 22.96, 42.99
2015-12-07 07:45:23.326700, 22.96, 43.74
2015-12-07 07:45:43.802731, 22.99, 43.77
2015-12-07 07:46:04.364353, 22.99, 44.64
2015-12-07 07:46:24.902515, 23.01, 44.94
2015-12-07 07:46:45.839770, 23.02, 45.32
2015-12-07 07:47:06.676881, 23.03, 45.81
2015-12-07 07:47:27.128930, 23.02, 46.03
2015-12-07 07:47:47.649342, 23.06, 46.45
2015-12-07 07:48:08.199553, 23.06, 46.67
2015-12-07 07:48:28.651444, 23.06, 46.96
2015-12-07 07:48:49.282408, 23.06, 47.22
2015-12-07 07:49:10.480840, 23.07, 47.44
2015-12-07 07:49:30.922285, 23.1, 47.57
2015-12-07 07:49:51.416165, 23.1, 48.02
2015-12-07 07:50:11.981441, 23.11, 48.15
2015-12-07 07:50:32.473393, 23.14, 48.15
2015-12-07 07:50:52.957834, 23.16, 48.32
2015-12-07 07:51:13.727176, 23.16, 48.35
2015-12-07 07:51:34.250509, 23.17, 48.38
2015-12-07 07:51:54.754843, 23.18, 48.41
2015-12-07 07:52:15.299952, 23.2, 48.29
2015-12-07 07:52:35.734479, 23.22, 48.29
2015-12-07 07:52:56.436702, 23.24, 48.23
2015-12-07 07:53:16.969423, 23.26, 48.1
2015-12-07 07:53:37.492954, 23.29, 47.95
2015-12-07 07:53:58.019470, 23.3, 47.82
2015-12-07 07:54:18.536942, 23.34, 47.67
2015-12-07 07:54:39.300486, 23.36, 47.61
2015-12-07 07:54:59.834671, 23.38, 47.51
2015-12-07 07:55:20.360296, 23.42, 47.39
2015-12-07 07:55:40.817153, 23.44, 47.23
2015-12-07 07:56:01.299673, 23.47, 47.21
2015-12-07 07:56:21.849921, 23.49, 47.02
2015-12-07 07:56:42.362090, 23.53, 46.86
2015-12-07 07:57:03.142163, 23.55, 46.77
2015-12-07 07:57:23.683067, 23.57, 46.67
2015-12-07 07:57:44.126284, 23.6, 46.48
2015-12-07 07:58:04.657266, 23.63, 46.39
2015-12-07 07:58:25.423656, 23.64, 46.3
2015-12-07 07:58:45.925113, 23.67, 46.24
2015-12-07 07:59:06.480627, 23.69, 46.17
2015-12-07 07:59:26.999120, 23.7, 46.05
2015-12-07 07:59:47.474269, 23.72, 45.86
2015-12-07 08:00:08.448125, 23.74, 45.86
2015-12-07 08:00:28.985892, 23.77, 45.73
2015-12-07 08:00:49.764640, 23.79, 45.61
2015-12-07 08:01:11.477114, 23.79, 45.48
2015-12-07 08:01:32.004758, 23.78, 45.29
2015-12-07 08:01:52.564758, 23.78, 45.03
2015-12-07 08:02:13.072198, 23.77, 44.83
2015-12-07 08:02:33.605856, 23.74, 44.38
2015-12-07 08:02:54.095394, 23.7, 44.11
2015-12-07 08:03:14.890129, 23.67, 43.72
2015-12-07 08:03:35.517386, 23.62, 43.65
2015-12-07 08:03:56.001381, 23.57, 43.16
2015-12-07 08:04:16.539230, 23.55, 42.83
2015-12-07 08:04:37.046192, 23.52, 42.51
2015-12-07 08:04:57.528787, 23.46, 42.37
2015-12-07 08:05:18.039970, 23.46, 41.75
2015-12-07 08:05:38.618669, 23.42, 41.06
2015-12-07 08:05:59.088571, 23.38, 40.67
2015-12-07 08:06:19.588623, 23.35, 40.5
2015-12-07 08:06:40.139070, 23.33, 40.24
2015-12-07 08:07:00.724830, 23.3, 40.04
2015-12-07 08:07:21.180864, 23.27, 39.77
2015-12-07 08:07:41.737189, 23.24, 39.18
2015-12-07 08:08:02.196291, 23.22, 38.88
2015-12-07 08:08:22.696221, 23.19, 38.59
2015-12-07 08:08:43.264668, 23.16, 38.45
2015-12-07 08:09:03.899998, 23.13, 38.05
2015-12-07 08:09:24.750151, 23.09, 37.95
2015-12-07 08:09:45.684198, 23.08, 37.65
2015-12-07 08:10:06.220370, 23.06, 37.75
2015-12-07 08:10:26.787270, 23.02, 37.25
2015-12-07 08:10:47.349787, 22.99, 36.89
2015-12-07 08:11:07.845440, 22.97, 36.79
2015-12-07 08:11:28.533743, 22.94, 36.52
2015-12-07 08:11:49.039505, 22.9, 36.45
2015-12-07 08:12:09.546165, 22.91, 36.45
2015-12-07 08:12:30.051243, 22.89, 36.09
2015-12-07 08:12:50.615100, 22.85, 35.92
2015-12-07 08:13:11.357118, 22.86, 35.98
2015-12-07 08:13:31.886596, 22.83, 35.72
2015-12-07 08:13:52.432547, 22.82, 35.72
2015-12-07 08:14:12.920077, 22.82, 35.65
2015-12-07 08:14:33.450111, 22.79, 35.68
2015-12-07 08:14:54.061356, 22.79, 35.91
2015-12-07 08:15:14.540650, 22.78, 36.31
2015-12-07 08:15:36.060320, 22.78, 36.83
2015-12-07 08:15:56.696799, 22.77, 37.56
2015-12-07 08:16:17.279089, 22.78, 37.95
2015-12-07 08:16:37.770165, 22.8, 38.48
2015-12-07 08:16:58.374585, 22.82, 38.97
2015-12-07 08:17:18.864053, 22.81, 39.53
2015-12-07 08:17:39.379444, 22.84, 40.19
2015-12-07 08:18:00.088114, 22.84, 40.38
2015-12-07 08:18:20.551891, 22.86, 40.77
2015-12-07 08:18:41.095200, 22.9, 41.36
2015-12-07 08:19:01.690444, 22.91, 41.46
2015-12-07 08:19:22.188586, 22.92, 42.41
2015-12-07 08:19:42.983783, 22.93, 42.67
2015-12-07 08:20:03.576304, 22.94, 43.22
2015-12-07 08:20:24.074216, 22.96, 43.77
2015-12-07 08:20:44.572411, 22.98, 43.61
2015-12-07 08:21:05.337520, 22.99, 44.22
2015-12-07 08:21:25.790674, 22.98, 44.55
2015-12-07 08:21:46.585992, 23.01, 45.26
2015-12-07 08:22:07.123440, 23.03, 45.26
2015-12-07 08:22:27.800021, 23.04, 45.77
2015-12-07 08:22:48.336821, 23.05, 45.94
2015-12-07 08:23:08.932059, 23.06, 46.16
2015-12-07 08:23:29.404071, 23.07, 46.45
2015-12-07 08:23:50.121880, 23.09, 47.13
2015-12-07 08:24:10.686518, 23.1, 47.35
2015-12-07 08:24:31.133176, 23.11, 47.67
2015-12-07 08:24:51.645875, 23.11, 47.89
2015-12-07 08:25:12.869685, 23.13, 48.02
2015-12-07 08:25:33.399273, 23.12, 48.15
2015-12-07 08:25:54.207531, 23.14, 48.34
2015-12-07 08:26:14.703590, 23.14, 48.34
2015-12-07 08:26:35.164702, 23.17, 48.51
2015-12-07 08:26:55.679043, 23.17, 48.67
2015-12-07 08:27:16.454176, 23.18, 48.67
2015-12-07 08:27:37.595426, 23.2, 48.83
2015-12-07 08:27:58.226551, 23.21, 48.8
2015-12-07 08:28:18.898045, 23.24, 48.71
2015-12-07 08:28:39.351136, 23.25, 48.8
2015-12-07 08:28:59.847717, 23.29, 48.68
2015-12-07 08:29:20.397881, 23.31, 48.43
2015-12-07 08:29:40.863395, 23.32, 48.24
2015-12-07 08:30:01.393898, 23.36, 48.4
2015-12-07 08:30:21.891593, 23.37, 48.25
2015-12-07 08:30:42.363547, 23.4, 48.12
2015-12-07 08:31:02.906372, 23.42, 48.06
2015-12-07 08:31:23.661152, 23.44, 47.97
2015-12-07 08:31:44.346193, 23.47, 47.84
2015-12-07 08:32:05.136098, 23.5, 47.69
2015-12-07 08:32:25.682590, 23.53, 47.5
2015-12-07 08:32:46.202429, 23.58, 47.35
2015-12-07 08:33:06.695558, 23.59, 47.22
2015-12-07 08:33:27.220195, 23.62, 47.1
2015-12-07 08:33:47.825487, 23.64, 47.0
2015-12-07 08:34:08.408536, 23.66, 46.81
2015-12-07 08:34:29.391581, 23.7, 46.72
2015-12-07 08:34:49.817339, 23.7, 46.63
2015-12-07 08:35:10.375132, 23.72, 46.53
2015-12-07 08:35:30.909971, 23.74, 46.47
2015-12-07 08:35:51.566640, 23.74, 46.37
2015-12-07 08:36:12.057877, 23.75, 46.28
2015-12-07 08:36:32.562563, 23.79, 46.09
2015-12-07 08:36:53.025244, 23.78, 45.86
2015-12-07 08:37:13.566673, 23.8, 45.8
2015-12-07 08:37:34.268558, 23.77, 45.64
2015-12-07 08:37:54.749947, 23.74, 45.41
2015-12-07 08:38:15.244860, 23.71, 44.89
2015-12-07 08:38:36.185067, 23.69, 44.56
2015-12-07 08:38:56.656149, 23.64, 44.07
2015-12-07 08:39:17.195573, 23.6, 43.52
2015-12-07 08:39:37.930181, 23.56, 43.45
2015-12-07 08:39:58.361675, 23.52, 43.06
2015-12-07 08:40:18.874525, 23.5, 42.47
2015-12-07 08:40:39.565498, 23.45, 42.3
2015-12-07 08:41:00.094750, 23.43, 41.62
2015-12-07 08:41:20.711363, 23.39, 41.45
2015-12-07 08:41:41.212844, 23.36, 41.09
2015-12-07 08:42:01.795527, 23.34, 40.79
2015-12-07 08:42:22.310694, 23.31, 40.37
2015-12-07 08:42:42.866698, 23.27, 39.94
2015-12-07 08:43:03.309708, 23.23, 39.44
2015-12-07 08:43:23.836409, 23.21, 39.21
2015-12-07 08:43:44.508982, 23.2, 38.98
2015-12-07 08:44:05.008054, 23.17, 38.68
2015-12-07 08:44:25.560752, 23.14, 38.42
2015-12-07 08:44:46.072972, 23.1, 37.99
2015-12-07 08:45:06.487938, 23.07, 37.85
2015-12-07 08:45:27.160215, 23.04, 37.72
2015-12-07 08:45:48.163679, 23.01, 37.48
2015-12-07 08:46:08.682332, 22.97, 37.31
2015-12-07 08:46:29.166625, 22.96, 37.18
2015-12-07 08:46:49.712699, 22.94, 37.25
2015-12-07 08:47:10.254489, 22.93, 37.05
2015-12-07 08:47:30.735497, 22.9, 36.68
2015-12-07 08:47:51.543427, 22.89, 36.52
2015-12-07 08:48:12.111839, 22.9, 36.45
2015-12-07 08:48:32.569874, 22.86, 36.18
2015-12-07 08:48:53.087919, 22.83, 35.98
2015-12-07 08:49:13.583778, 22.8, 35.85
2015-12-07 08:49:34.107464, 22.77, 35.78
2015-12-07 08:49:54.931903, 22.78, 35.91
2015-12-07 08:50:15.385587, 22.77, 36.17
2015-12-07 08:50:35.877074, 22.78, 36.51
2015-12-07 08:50:56.370733, 22.77, 37.03
2015-12-07 08:51:16.877304, 22.78, 37.56
2015-12-07 08:51:37.594083, 22.78, 37.85
2015-12-07 08:51:58.388835, 22.81, 38.58
2015-12-07 08:52:18.933109, 22.81, 39.1
2015-12-07 08:52:39.478837, 22.83, 39.3
2015-12-07 08:53:00.893450, 22.84, 40.45
2015-12-07 08:53:21.361820, 22.86, 40.25
2015-12-07 08:53:41.800301, 22.88, 40.91
2015-12-07 08:54:02.359059, 22.88, 41.2
2015-12-07 08:54:23.090364, 22.91, 41.95
2015-12-07 08:54:43.573399, 22.93, 42.31
2015-12-07 08:55:04.216474, 22.93, 42.28
2015-12-07 08:55:24.696893, 22.94, 43.22
2015-12-07 08:55:45.224182, 22.96, 43.25
2015-12-07 08:56:05.755817, 22.97, 43.71
2015-12-07 08:56:26.473840, 22.99, 43.77
2015-12-07 08:56:46.971170, 23.0, 44.77
2015-12-07 08:57:07.503399, 23.02, 45.13
2015-12-07 08:57:27.964987, 23.02, 45.32
2015-12-07 08:57:48.511680, 23.04, 45.71
2015-12-07 08:58:09.117124, 23.06, 46.1
2015-12-07 08:58:29.640147, 23.06, 46.32
2015-12-07 08:58:50.194097, 23.06, 46.74
2015-12-07 08:59:10.731641, 23.06, 46.99
2015-12-07 08:59:31.162766, 23.08, 47.51
2015-12-07 08:59:51.721026, 23.08, 47.76
2015-12-07 09:00:13.841983, 23.1, 47.96
2015-12-07 09:00:34.329725, 23.1, 48.15
2015-12-07 09:00:55.101167, 23.12, 48.28
2015-12-07 09:01:15.646208, 23.14, 48.54
2015-12-07 09:01:36.088804, 23.15, 48.73
2015-12-07 09:01:56.593294, 23.19, 48.73
2015-12-07 09:02:17.101593, 23.17, 48.83
2015-12-07 09:02:37.570874, 23.2, 48.89
2015-12-07 09:02:58.337092, 23.21, 49.02
2015-12-07 09:03:18.918628, 23.21, 49.09
2015-12-07 09:03:39.429315, 23.25, 48.87
2015-12-07 09:04:00.080172, 23.26, 48.87
2015-12-07 09:04:20.636519, 23.28, 48.68
2015-12-07 09:04:41.126567, 23.31, 48.62
2015-12-07 09:05:01.635752, 23.34, 48.66
2015-12-07 09:05:22.220405, 23.36, 48.66
2015-12-07 09:05:43.223258, 23.39, 48.63
2015-12-07 09:06:03.796643, 23.39, 48.47
2015-12-07 09:06:24.613118, 23.42, 48.41
2015-12-07 09:06:45.175433, 23.45, 48.29
2015-12-07 09:07:05.694390, 23.48, 48.16
2015-12-07 09:07:26.352337, 23.5, 48.17
2015-12-07 09:07:46.851000, 23.53, 48.08
2015-12-07 09:08:07.320090, 23.55, 47.95
2015-12-07 09:08:28.060220, 23.59, 47.86
2015-12-07 09:08:48.577976, 23.6, 47.8
2015-12-07 09:09:09.059872, 23.62, 47.74
2015-12-07 09:09:29.867901, 23.65, 47.58
2015-12-07 09:09:50.329977, 23.66, 47.58
2015-12-07 09:10:10.824719, 23.67, 47.52
2015-12-07 09:10:31.465408, 23.69, 47.39
2015-12-07 09:10:51.910642, 23.72, 47.33
2015-12-07 09:11:12.453916, 23.76, 47.21
2015-12-07 09:11:33.026568, 23.75, 47.14
2015-12-07 09:11:53.521417, 23.78, 47.02
2015-12-07 09:12:14.047334, 23.78, 46.92
2015-12-07 09:12:34.648680, 23.79, 46.83
2015-12-07 09:12:55.364086, 23.77, 46.63
2015-12-07 09:13:15.814220, 23.76, 46.44
2015-12-07 09:13:36.345789, 23.74, 45.99
2015-12-07 09:13:56.921969, 23.71, 45.66
2015-12-07 09:14:17.444008, 23.68, 45.34
2015-12-07 09:14:38.184060, 23.62, 44.91
2015-12-07 09:14:58.858666, 23.6, 44.62
2015-12-07 09:15:19.339797, 23.56, 44.45
2015-12-07 09:15:40.084756, 23.52, 43.87
2015-12-07 09:16:00.561922, 23.5, 43.38
2015-12-07 09:16:21.396592, 23.46, 42.69
2015-12-07 09:16:42.115323, 23.44, 42.63
2015-12-07 09:17:02.729471, 23.42, 42.36
2015-12-07 09:17:23.559207, 23.38, 42.07
2015-12-07 09:17:44.050090, 23.37, 41.16
2015-12-07 09:18:04.540330, 23.34, 41.22
2015-12-07 09:18:25.043070, 23.3, 40.43
2015-12-07 09:18:45.587579, 23.28, 40.1
2015-12-07 09:19:06.296647, 23.25, 39.64
2015-12-07 09:19:26.789977, 23.21, 39.44
2015-12-07 09:19:47.329218, 23.18, 39.37
2015-12-07 09:20:07.814174, 23.18, 39.31
2015-12-07 09:20:28.300283, 23.14, 38.65
2015-12-07 09:20:48.907197, 23.12, 38.71
2015-12-07 09:21:09.573990, 23.1, 38.41
2015-12-07 09:21:30.082272, 23.04, 37.85
2015-12-07 09:21:50.587394, 23.02, 37.68
2015-12-07 09:22:11.061657, 22.99, 37.51
2015-12-07 09:22:31.640037, 22.98, 37.58
2015-12-07 09:22:52.215315, 22.95, 37.18
2015-12-07 09:23:12.826975, 22.93, 36.98
2015-12-07 09:23:33.335330, 22.93, 36.92
2015-12-07 09:23:53.940070, 22.9, 36.75
2015-12-07 09:24:14.517105, 22.88, 36.65
2015-12-07 09:24:34.992694, 22.88, 36.25
2015-12-07 09:24:55.823925, 22.84, 36.25
2015-12-07 09:25:16.376538, 22.83, 35.98
2015-12-07 09:25:36.870500, 22.82, 35.98
2015-12-07 09:25:57.606100, 22.8, 36.01
2015-12-07 09:26:18.067827, 22.79, 36.47
2015-12-07 09:26:38.586437, 22.77, 36.9
2015-12-07 09:26:59.126545, 22.76, 37.1
2015-12-07 09:27:19.885398, 22.78, 37.76
2015-12-07 09:27:40.396730, 22.79, 38.54
2015-12-07 09:28:01.896396, 22.82, 38.91
2015-12-07 09:28:22.379720, 22.82, 39.3
2015-12-07 09:28:43.428061, 22.84, 39.7
2015-12-07 09:29:04.325815, 22.85, 40.19
2015-12-07 09:29:24.784208, 22.89, 40.84
2015-12-07 09:29:45.274962, 22.9, 41.23
2015-12-07 09:30:05.856542, 22.91, 41.89
2015-12-07 09:30:26.319250, 22.93, 42.08
2015-12-07 09:30:46.859049, 22.94, 42.63
2015-12-07 09:31:07.628953, 22.97, 42.9
2015-12-07 09:31:28.321340, 23.0, 43.48
2015-12-07 09:31:48.867253, 22.99, 44.1
2015-12-07 09:32:09.441785, 23.02, 44.49
2015-12-07 09:32:29.949233, 23.03, 45.07
2015-12-07 09:32:50.497821, 23.03, 45.42
2015-12-07 09:33:11.075987, 23.04, 45.77
2015-12-07 09:33:31.874596, 23.05, 45.84
2015-12-07 09:33:52.405983, 23.07, 46.42
2015-12-07 09:34:13.095697, 23.07, 46.71
2015-12-07 09:34:33.600885, 23.08, 47.09
2015-12-07 09:34:54.058096, 23.1, 47.64
2015-12-07 09:35:14.637770, 23.1, 48.02
2015-12-07 09:35:35.307072, 23.12, 48.15
2015-12-07 09:35:55.830513, 23.13, 48.66
2015-12-07 09:36:16.345693, 23.15, 48.86
2015-12-07 09:36:36.776683, 23.15, 49.08
2015-12-07 09:36:57.265073, 23.16, 49.3
2015-12-07 09:37:17.831592, 23.16, 49.49
2015-12-07 09:37:38.592411, 23.17, 49.91
2015-12-07 09:37:59.384893, 23.2, 50.13
2015-12-07 09:38:19.887764, 23.21, 50.23
2015-12-07 09:38:40.356452, 23.23, 50.42
2015-12-07 09:39:00.825972, 23.22, 50.51
2015-12-07 09:39:21.388609, 23.25, 50.49
2015-12-07 09:39:41.930185, 23.26, 50.49
2015-12-07 09:40:02.572462, 23.28, 50.49
2015-12-07 09:40:23.149989, 23.3, 50.49
2015-12-07 09:40:43.603315, 23.33, 50.46
2015-12-07 09:41:04.114510, 23.37, 50.28
2015-12-07 09:41:24.679518, 23.38, 50.15
2015-12-07 09:41:45.351982, 23.43, 50.16
2015-12-07 09:42:05.839211, 23.44, 50.16
2015-12-07 09:42:26.353330, 23.47, 50.1
2015-12-07 09:42:46.841367, 23.48, 49.98
2015-12-07 09:43:07.327801, 23.52, 49.95
2015-12-07 09:43:27.865488, 23.54, 49.76
2015-12-07 09:43:48.358605, 23.54, 49.64
2015-12-07 09:44:08.887507, 23.58, 49.61
2015-12-07 09:44:29.466433, 23.61, 49.52
2015-12-07 09:44:49.944161, 23.62, 49.33
2015-12-07 09:45:10.409045, 23.65, 49.11
2015-12-07 09:45:30.950209, 23.68, 49.11
2015-12-07 09:45:51.589916, 23.7, 48.99
2015-12-07 09:46:12.181082, 23.71, 48.96
2015-12-07 09:46:32.701735, 23.75, 48.9
2015-12-07 09:46:53.158941, 23.76, 48.74
2015-12-07 09:47:13.698112, 23.79, 48.68
2015-12-07 09:47:34.216903, 23.79, 48.49
2015-12-07 09:47:54.983381, 23.81, 48.4
2015-12-07 09:48:15.524318, 23.81, 48.27
2015-12-07 09:48:36.042860, 23.82, 47.89
2015-12-07 09:48:56.539653, 23.8, 47.66
2015-12-07 09:49:17.000237, 23.78, 47.21
2015-12-07 09:49:37.540056, 23.76, 46.7
2015-12-07 09:49:58.033052, 23.7, 46.59
2015-12-07 09:50:18.609419, 23.68, 46.17
2015-12-07 09:50:39.217543, 23.64, 45.85
2015-12-07 09:50:59.736568, 23.61, 45.72
2015-12-07 09:51:20.244784, 23.57, 45.2
2015-12-07 09:51:40.814608, 23.54, 44.64
2015-12-07 09:52:01.290464, 23.5, 44.16
2015-12-07 09:52:22.082348, 23.46, 44.15
2015-12-07 09:52:43.433080, 23.44, 43.7
2015-12-07 09:53:03.893475, 23.41, 43.37
2015-12-07 09:53:24.396682, 23.38, 42.36
2015-12-07 09:53:44.943819, 23.36, 42.1
2015-12-07 09:54:05.572246, 23.32, 41.7
2015-12-07 09:54:26.100001, 23.31, 41.7
2015-12-07 09:54:46.722245, 23.27, 41.08
2015-12-07 09:55:07.244819, 23.23, 40.91
2015-12-07 09:55:27.768882, 23.22, 40.29
2015-12-07 09:55:48.398599, 23.17, 39.89
2015-12-07 09:56:09.154352, 23.13, 39.76
2015-12-07 09:56:29.677842, 23.14, 39.53
2015-12-07 09:56:50.310300, 23.1, 39.49
2015-12-07 09:57:10.744190, 23.07, 38.93
2015-12-07 09:57:31.226641, 23.04, 38.77
2015-12-07 09:57:51.781494, 23.01, 38.57
2015-12-07 09:58:12.562778, 22.97, 38.3
2015-12-07 09:58:33.109291, 22.95, 38.0
2015-12-07 09:58:53.612281, 22.94, 38.2
2015-12-07 09:59:14.068837, 22.9, 37.77
2015-12-07 09:59:34.566799, 22.88, 37.63
2015-12-07 09:59:55.359884, 22.88, 37.44
2015-12-07 10:00:16.119656, 22.85, 37.24
2015-12-07 10:00:36.588101, 22.82, 37.04
2015-12-07 10:00:57.180070, 22.81, 37.13
2015-12-07 10:01:17.667664, 22.79, 36.87
2015-12-07 10:01:38.193116, 22.78, 36.83
2015-12-07 10:01:58.895287, 22.76, 36.83
2015-12-07 10:02:19.844146, 22.76, 36.7
2015-12-07 10:02:40.375200, 22.75, 36.9
2015-12-07 10:03:00.914447, 22.75, 37.26
2015-12-07 10:03:21.405399, 22.76, 37.69
2015-12-07 10:03:41.951525, 22.78, 38.02
2015-12-07 10:04:02.508762, 22.78, 38.81
2015-12-07 10:04:23.126528, 22.8, 39.2
2015-12-07 10:04:43.875758, 22.82, 39.69
2015-12-07 10:05:04.468990, 22.85, 40.48
2015-12-07 10:05:24.964475, 22.86, 41.13
2015-12-07 10:05:45.435303, 22.88, 41.43
2015-12-07 10:06:06.014097, 22.89, 41.75
2015-12-07 10:06:26.750634, 22.91, 42.63
2015-12-07 10:06:47.256613, 22.93, 42.76
2015-12-07 10:07:07.792997, 22.94, 43.9
2015-12-07 10:07:28.317407, 22.97, 43.64
2015-12-07 10:07:48.816434, 22.97, 44.48
2015-12-07 10:08:09.356848, 23.0, 44.64
2015-12-07 10:08:29.976478, 23.02, 45.16
2015-12-07 10:08:50.470311, 23.03, 45.84
2015-12-07 10:09:10.945155, 23.03, 45.9
2015-12-07 10:09:31.482415, 23.05, 46.38
2015-12-07 10:09:51.971402, 23.06, 46.67
2015-12-07 10:10:12.717413, 23.07, 47.28
2015-12-07 10:10:33.205687, 23.08, 47.67
2015-12-07 10:10:53.852672, 23.09, 47.92
2015-12-07 10:11:14.377480, 23.11, 48.21
2015-12-07 10:11:34.904445, 23.12, 48.56
2015-12-07 10:11:56.144097, 23.12, 48.91
2015-12-07 10:12:16.750030, 23.14, 49.24
2015-12-07 10:12:37.240174, 23.16, 49.68
2015-12-07 10:12:57.755924, 23.18, 50.06
2015-12-07 10:13:18.274291, 23.2, 50.38
2015-12-07 10:13:38.770862, 23.21, 50.51
2015-12-07 10:13:59.295097, 23.22, 50.58
2015-12-07 10:14:19.854301, 23.24, 50.71
2015-12-07 10:14:40.471507, 23.28, 51.37
2015-12-07 10:15:00.942024, 23.29, 51.6
2015-12-07 10:15:21.506550, 23.32, 51.73
2015-12-07 10:15:42.005934, 23.34, 51.82
2015-12-07 10:16:02.543867, 23.38, 52.05
2015-12-07 10:16:23.121824, 23.42, 51.74
2015-12-07 10:16:43.781052, 23.45, 51.87
2015-12-07 10:17:04.360049, 23.47, 51.68
2015-12-07 10:17:24.917047, 23.49, 52.0
2015-12-07 10:17:45.380035, 23.52, 51.82
2015-12-07 10:18:05.890763, 23.53, 52.04
2015-12-07 10:18:26.690102, 23.58, 51.89
2015-12-07 10:18:47.200493, 23.6, 51.54
2015-12-07 10:19:08.464956, 23.64, 51.46
2015-12-07 10:19:28.976481, 23.67, 51.46
2015-12-07 10:19:49.489943, 23.71, 51.46
2015-12-07 10:20:10.256586, 23.72, 51.37
2015-12-07 10:20:30.858852, 23.75, 51.19
2015-12-07 10:20:51.343889, 23.76, 51.16
2015-12-07 10:21:11.885592, 23.8, 50.91
2015-12-07 10:21:32.479795, 23.83, 50.78
2015-12-07 10:21:52.948736, 23.82, 50.69
2015-12-07 10:22:13.452172, 23.82, 50.44
2015-12-07 10:22:34.302738, 23.82, 49.99
2015-12-07 10:22:54.807856, 23.78, 49.45
2015-12-07 10:23:15.319962, 23.77, 48.9
2015-12-07 10:23:35.857176, 23.74, 48.45
2015-12-07 10:23:56.770689, 23.69, 48.32
2015-12-07 10:24:17.274831, 23.67, 47.52
2015-12-07 10:24:38.006951, 23.64, 47.19
2015-12-07 10:24:58.503104, 23.61, 46.49
2015-12-07 10:25:19.000271, 23.6, 46.04
2015-12-07 10:25:39.533708, 23.56, 45.77
2015-12-07 10:26:00.050986, 23.55, 45.51
2015-12-07 10:26:20.574518, 23.52, 44.87
2015-12-07 10:26:41.440983, 23.49, 44.41
2015-12-07 10:27:01.923037, 23.49, 44.22
2015-12-07 10:27:22.431197, 23.47, 43.96
2015-12-07 10:27:43.203587, 23.43, 43.37
2015-12-07 10:28:03.674602, 23.42, 43.14
2015-12-07 10:28:24.208026, 23.4, 42.14
2015-12-07 10:28:44.803383, 23.37, 42.29
2015-12-07 10:29:05.603286, 23.37, 42.13
2015-12-07 10:29:26.161665, 23.34, 41.64
2015-12-07 10:29:46.680831, 23.33, 41.54
2015-12-07 10:30:07.184171, 23.3, 41.08
2015-12-07 10:30:27.710762, 23.27, 40.33
2015-12-07 10:30:48.291679, 23.26, 40.23
2015-12-07 10:31:09.116989, 23.24, 39.77
2015-12-07 10:31:29.560208, 23.25, 40.0
2015-12-07 10:31:50.126701, 23.21, 39.57
2015-12-07 10:32:10.576651, 23.2, 39.18
2015-12-07 10:32:31.110822, 23.18, 39.04
2015-12-07 10:32:51.917098, 23.16, 38.85
2015-12-07 10:33:12.388994, 23.16, 38.85
2015-12-07 10:33:32.868907, 23.16, 38.58
2015-12-07 10:33:53.380147, 23.14, 38.71
2015-12-07 10:34:13.832493, 23.12, 38.41
2015-12-07 10:34:34.302136, 23.12, 38.38
2015-12-07 10:34:54.983421, 23.1, 37.99
2015-12-07 10:35:15.564453, 23.1, 38.02
2015-12-07 10:35:36.027375, 23.08, 37.65
2015-12-07 10:35:56.549422, 23.07, 37.59
2015-12-07 10:36:17.039232, 23.08, 37.39
2015-12-07 10:36:37.536914, 23.06, 37.26
2015-12-07 10:36:58.171300, 23.05, 36.99
2015-12-07 10:37:18.801582, 23.03, 37.06
2015-12-07 10:37:39.293983, 23.04, 36.79
2015-12-07 10:37:59.834305, 23.0, 36.59
2015-12-07 10:38:20.344571, 22.99, 36.43
2015-12-07 10:38:40.839676, 22.99, 36.46
2015-12-07 10:39:01.652020, 22.99, 36.66
2015-12-07 10:39:22.291703, 22.98, 36.82
2015-12-07 10:39:42.846370, 22.98, 37.15
2015-12-07 10:40:03.412625, 22.99, 37.45
2015-12-07 10:40:24.036035, 23.0, 38.3
2015-12-07 10:40:44.543141, 23.0, 39.35
2015-12-07 10:41:05.205792, 23.01, 39.35
2015-12-07 10:41:25.676449, 23.04, 40.01
2015-12-07 10:41:46.244511, 23.04, 40.14
2015-12-07 10:42:06.922023, 23.06, 40.73
2015-12-07 10:42:27.452068, 23.08, 41.19
2015-12-07 10:42:47.972066, 23.08, 41.9
2015-12-07 10:43:08.574493, 23.08, 42.33
2015-12-07 10:43:29.113172, 23.11, 43.37
2015-12-07 10:43:49.675118, 23.12, 43.59
2015-12-07 10:44:10.243628, 23.15, 43.98
2015-12-07 10:44:30.797727, 23.17, 44.31
2015-12-07 10:44:51.333207, 23.19, 44.8
2015-12-07 10:45:11.901004, 23.19, 45.28
2015-12-07 10:45:32.387024, 23.22, 45.96
2015-12-07 10:45:52.896387, 23.22, 46.25
2015-12-07 10:46:13.482880, 23.25, 46.83
2015-12-07 10:46:33.979168, 23.27, 47.02
2015-12-07 10:46:54.504507, 23.29, 46.89
2015-12-07 10:47:15.255534, 23.29, 46.83
2015-12-07 10:47:35.764185, 23.3, 46.67
2015-12-07 10:47:56.310292, 23.28, 46.06
2015-12-07 10:48:16.907519, 23.29, 46.13
2015-12-07 10:48:37.489682, 23.3, 45.48
2015-12-07 10:48:58.039101, 23.29, 45.32
2015-12-07 10:49:18.662680, 23.27, 44.61
2015-12-07 10:49:39.158040, 23.28, 43.94
2015-12-07 10:49:59.654941, 23.28, 44.16
2015-12-07 10:50:20.272757, 23.27, 44.1
2015-12-07 10:50:40.759361, 23.25, 42.96
2015-12-07 10:51:01.262535, 23.23, 42.18
2015-12-07 10:51:21.873029, 23.22, 42.05
2015-12-07 10:51:42.386072, 23.22, 42.24
2015-12-07 10:52:02.924765, 23.2, 42.08
2015-12-07 10:52:23.711961, 23.21, 41.4
2015-12-07 10:52:44.220764, 23.18, 41.0
2015-12-07 10:53:04.826820, 23.17, 40.78
2015-12-07 10:53:25.493683, 23.18, 40.68
2015-12-07 10:53:45.996332, 23.17, 40.29
2015-12-07 10:54:06.494512, 23.18, 40.03
2015-12-07 10:54:27.045018, 23.18, 39.76
2015-12-07 10:54:47.580609, 23.16, 39.44
2015-12-07 10:55:08.131809, 23.15, 39.17
2015-12-07 10:55:28.719906, 23.14, 39.3
2015-12-07 10:55:49.237089, 23.15, 39.37
2015-12-07 10:56:09.754059, 23.15, 39.5
2015-12-07 10:56:30.513114, 23.16, 39.86
2015-12-07 10:56:50.980145, 23.18, 40.06
2015-12-07 10:57:11.516079, 23.18, 40.48
2015-12-07 10:57:32.089950, 23.21, 40.94
2015-12-07 10:57:52.593706, 23.2, 41.79
2015-12-07 10:58:13.209472, 23.21, 42.08
2015-12-07 10:58:33.790077, 23.26, 43.22
2015-12-07 10:58:54.323800, 23.28, 43.61
2015-12-07 10:59:14.858078, 23.32, 43.91
2015-12-07 10:59:35.395413, 23.32, 44.91
2015-12-07 10:59:55.887482, 23.34, 45.07
2015-12-07 11:00:16.462836, 23.37, 45.33
2015-12-07 11:00:37.045144, 23.4, 45.79
2015-12-07 11:00:57.788734, 23.4, 45.82
2015-12-07 11:01:18.326582, 23.41, 45.82
2015-12-07 11:01:38.923967, 23.42, 45.66
2015-12-07 11:01:59.426617, 23.41, 45.5
2015-12-07 11:02:19.976115, 23.42, 45.05
2015-12-07 11:02:40.599152, 23.41, 44.89
2015-12-07 11:03:01.082981, 23.44, 44.7
2015-12-07 11:03:21.668625, 23.42, 44.21
2015-12-07 11:03:42.220227, 23.43, 43.82
2015-12-07 11:04:02.726390, 23.43, 43.82
2015-12-07 11:04:23.413581, 23.41, 43.11
2015-12-07 11:04:44.023445, 23.41, 42.72
2015-12-07 11:05:04.516338, 23.38, 42.98
2015-12-07 11:05:25.004438, 23.38, 42.81
2015-12-07 11:05:45.564333, 23.38, 42.65
2015-12-07 11:06:06.116235, 23.38, 41.52
2015-12-07 11:06:26.625230, 23.36, 41.84
2015-12-07 11:06:47.223772, 23.36, 41.09
2015-12-07 11:07:07.650462, 23.34, 41.05
2015-12-07 11:07:28.194529, 23.32, 40.66
2015-12-07 11:07:48.771653, 23.32, 39.98
2015-12-07 11:08:09.237400, 23.3, 39.68
2015-12-07 11:08:29.746748, 23.29, 39.38
2015-12-07 11:08:50.330338, 23.31, 39.25
2015-12-07 11:09:10.905243, 23.29, 39.58
2015-12-07 11:09:31.430275, 23.28, 38.73
2015-12-07 11:09:52.160825, 23.27, 39.15
2015-12-07 11:10:12.780423, 23.25, 38.99
2015-12-07 11:10:33.476487, 23.24, 38.53
2015-12-07 11:10:54.152819, 23.24, 38.23
2015-12-07 11:11:14.860134, 23.24, 38.07
2015-12-07 11:11:35.507972, 23.22, 38.06
2015-12-07 11:11:56.254077, 23.22, 38.29
2015-12-07 11:12:17.010109, 23.2, 37.86
2015-12-07 11:12:37.860843, 23.2, 37.63
2015-12-07 11:12:58.460128, 23.19, 37.86
2015-12-07 11:13:19.134554, 23.19, 37.9
2015-12-07 11:13:39.857844, 23.18, 37.6
2015-12-07 11:14:00.527559, 23.18, 37.3
2015-12-07 11:14:21.192221, 23.18, 37.01
2015-12-07 11:14:41.797028, 23.19, 37.21
2015-12-07 11:15:02.477235, 23.18, 37.57
2015-12-07 11:15:23.245136, 23.21, 37.6
2015-12-07 11:15:44.009991, 23.22, 37.87
2015-12-07 11:16:04.717006, 23.24, 39.02
2015-12-07 11:16:25.344117, 23.26, 39.64
2015-12-07 11:16:46.013788, 23.29, 40.89
2015-12-07 11:17:06.773135, 23.31, 40.76
2015-12-07 11:17:27.431859, 23.31, 40.99
2015-12-07 11:17:48.220176, 23.36, 41.77
2015-12-07 11:18:08.925237, 23.38, 42.59
2015-12-07 11:18:29.553937, 23.43, 43.18
2015-12-07 11:18:50.141241, 23.45, 43.57
2015-12-07 11:19:10.923480, 23.47, 43.67
2015-12-07 11:19:31.654179, 23.5, 43.31
2015-12-07 11:19:52.362967, 23.5, 43.12
2015-12-07 11:20:13.063732, 23.49, 42.6
2015-12-07 11:20:33.811320, 23.5, 42.57
2015-12-07 11:20:54.475192, 23.48, 42.73
2015-12-07 11:21:15.169794, 23.48, 42.24
2015-12-07 11:21:35.867378, 23.48, 42.47
2015-12-07 11:21:56.556441, 23.47, 41.88
2015-12-07 11:22:17.325807, 23.44, 41.55
2015-12-07 11:22:37.943633, 23.43, 40.18
2015-12-07 11:22:58.619835, 23.41, 40.25
2015-12-07 11:23:19.722338, 23.4, 40.64
2015-12-07 11:23:40.320573, 23.39, 39.92
2015-12-07 11:24:01.185338, 23.36, 40.05
2015-12-07 11:24:22.057988, 23.34, 39.81
2015-12-07 11:24:42.850270, 23.34, 39.39
2015-12-07 11:25:03.573932, 23.33, 39.26
2015-12-07 11:25:24.346417, 23.34, 39.49
2015-12-07 11:25:45.034274, 23.32, 39.32
2015-12-07 11:26:05.558113, 23.3, 38.89
2015-12-07 11:26:26.296289, 23.31, 38.6
2015-12-07 11:26:46.996530, 23.3, 38.04
2015-12-07 11:27:07.637784, 23.28, 38.14
2015-12-07 11:27:28.351243, 23.29, 38.14
2015-12-07 11:27:49.088755, 23.27, 38.1
2015-12-07 11:28:09.826765, 23.27, 38.07
2015-12-07 11:28:30.501983, 23.27, 37.15
2015-12-07 11:28:51.130938, 23.27, 37.44
2015-12-07 11:29:11.911017, 23.26, 37.05
2015-12-07 11:29:32.624516, 23.28, 37.15
2015-12-07 11:29:53.297256, 23.26, 36.88
2015-12-07 11:30:14.000728, 23.26, 36.65
2015-12-07 11:30:34.735771, 23.24, 36.75
2015-12-07 11:30:55.398873, 23.26, 36.55
2015-12-07 11:31:16.125035, 23.26, 36.49
2015-12-07 11:31:36.819253, 23.27, 36.36
2015-12-07 11:31:57.580058, 23.26, 36.35
2015-12-07 11:32:18.222540, 23.26, 36.12
2015-12-07 11:32:38.965674, 23.26, 35.92
2015-12-07 11:32:59.543578, 23.26, 35.76
2015-12-07 11:33:20.190079, 23.24, 35.36
2015-12-07 11:33:40.888834, 23.24, 35.39
2015-12-07 11:34:01.539527, 23.24, 35.96
2015-12-07 11:34:22.276193, 23.24, 36.05
2015-12-07 11:34:43.246099, 23.26, 36.92
2015-12-07 11:35:03.913804, 23.26, 37.48
2015-12-07 11:35:24.615053, 23.29, 37.74
2015-12-07 11:35:45.991763, 23.31, 38.73
2015-12-07 11:36:06.720186, 23.34, 38.77
2015-12-07 11:36:27.449891, 23.39, 38.8
2015-12-07 11:36:48.155986, 23.41, 39.04
2015-12-07 11:37:08.826323, 23.43, 39.5
2015-12-07 11:37:29.440705, 23.46, 40.32
2015-12-07 11:37:50.177404, 23.5, 41.27
2015-12-07 11:38:10.860630, 23.54, 41.57
2015-12-07 11:38:31.560320, 23.55, 41.63
2015-12-07 11:38:52.102442, 23.55, 41.76
2015-12-07 11:39:12.572949, 23.55, 41.79
2015-12-07 11:39:33.105314, 23.55, 41.73
2015-12-07 11:39:53.730324, 23.57, 41.34
2015-12-07 11:40:14.242505, 23.56, 41.27
2015-12-07 11:40:34.806325, 23.56, 41.24
2015-12-07 11:40:55.382990, 23.54, 40.78
2015-12-07 11:41:15.907912, 23.54, 40.52
2015-12-07 11:41:36.374737, 23.52, 40.32
2015-12-07 11:41:56.913117, 23.52, 39.77
2015-12-07 11:42:17.497682, 23.5, 40.13
2015-12-07 11:42:38.020990, 23.5, 39.86
2015-12-07 11:42:58.603189, 23.51, 39.47
2015-12-07 11:43:19.072756, 23.5, 39.14
2015-12-07 11:43:39.679829, 23.5, 38.82
2015-12-07 11:44:00.495399, 23.48, 38.88
2015-12-07 11:44:20.964856, 23.48, 38.29
2015-12-07 11:44:41.489711, 23.48, 38.02
2015-12-07 11:45:02.061611, 23.46, 38.29
2015-12-07 11:45:22.564941, 23.46, 37.83
2015-12-07 11:45:43.104076, 23.45, 37.69
2015-12-07 11:46:03.659442, 23.45, 38.02
2015-12-07 11:46:24.180480, 23.44, 37.63
2015-12-07 11:46:44.711604, 23.46, 37.27
2015-12-07 11:47:05.533920, 23.44, 37.36
2015-12-07 11:47:26.029818, 23.43, 37.03
2015-12-07 11:47:46.596964, 23.43, 37.43
2015-12-07 11:48:07.214211, 23.43, 37.26
2015-12-07 11:48:27.685334, 23.42, 37.03
2015-12-07 11:48:48.200333, 23.43, 37.0
2015-12-07 11:49:08.779619, 23.42, 36.3
2015-12-07 11:49:29.294812, 23.42, 35.94
2015-12-07 11:49:49.834021, 23.41, 35.77
2015-12-07 11:50:10.415777, 23.41, 36.04
2015-12-07 11:50:30.951644, 23.42, 36.01
2015-12-07 11:50:51.544227, 23.4, 36.1
2015-12-07 11:51:12.094072, 23.4, 35.67
2015-12-07 11:51:32.603513, 23.42, 35.71
2015-12-07 11:51:53.085196, 23.4, 35.94
2015-12-07 11:52:13.680135, 23.39, 35.67
2015-12-07 11:52:34.213694, 23.4, 34.78
2015-12-07 11:52:54.743817, 23.46, 34.78
2015-12-07 11:53:15.347707, 23.49, 35.72
2015-12-07 11:53:35.809921, 23.52, 35.35
2015-12-07 11:53:56.401294, 23.53, 35.59
2015-12-07 11:54:17.013850, 23.56, 35.52
2015-12-07 11:54:37.489932, 23.55, 35.65
2015-12-07 11:54:58.055702, 23.56, 35.69
2015-12-07 11:55:18.637892, 23.56, 35.66
2015-12-07 11:55:39.134847, 23.56, 35.76
2015-12-07 11:55:59.640877, 23.57, 35.39
2015-12-07 11:56:20.227775, 23.56, 35.92
2015-12-07 11:56:40.796116, 23.54, 35.85
2015-12-07 11:57:01.336457, 23.54, 35.79
2015-12-07 11:57:21.901688, 23.56, 35.46
2015-12-07 11:57:42.648710, 23.55, 35.12
2015-12-07 11:58:03.396115, 23.56, 35.26
2015-12-07 11:58:24.001152, 23.55, 35.06
2015-12-07 11:58:44.580068, 23.53, 34.96
2015-12-07 11:59:05.095926, 23.52, 34.59
2015-12-07 11:59:25.697435, 23.52, 34.72
2015-12-07 11:59:46.213768, 23.52, 34.92
2015-12-07 12:00:07.684959, 23.5, 34.42
2015-12-07 12:00:28.247328, 23.49, 34.45
2015-12-07 12:00:48.606107, 23.47, 34.39
2015-12-07 12:01:09.125515, 23.46, 34.72
2015-12-07 12:01:29.695371, 23.45, 34.62
2015-12-07 12:01:50.268943, 23.46, 34.35
2015-12-07 12:02:10.764966, 23.47, 34.02
2015-12-07 12:02:31.401756, 23.43, 34.25
2015-12-07 12:02:51.913104, 23.44, 34.12
2015-12-07 12:03:12.493493, 23.42, 34.25
2015-12-07 12:03:33.031210, 23.43, 33.88
2015-12-07 12:03:53.719990, 23.44, 34.05
2015-12-07 12:04:14.277120, 23.43, 34.05
2015-12-07 12:04:34.847393, 23.44, 33.75
2015-12-07 12:04:55.306925, 23.47, 33.89
2015-12-07 12:05:15.823459, 23.49, 34.15
2015-12-07 12:05:36.383278, 23.5, 34.42
2015-12-07 12:05:56.870146, 23.52, 34.36
2015-12-07 12:06:17.385445, 23.52, 34.46
2015-12-07 12:06:37.928076, 23.53, 34.46
2015-12-07 12:06:58.445584, 23.54, 34.59
2015-12-07 12:07:18.939948, 23.54, 34.43
2015-12-07 12:07:39.523277, 23.52, 34.56
2015-12-07 12:08:00.041250, 23.53, 34.39
2015-12-07 12:08:20.557070, 23.52, 34.39
2015-12-07 12:08:41.148652, 23.52, 34.59
2015-12-07 12:09:01.613228, 23.5, 34.72
2015-12-07 12:09:22.166553, 23.5, 34.39
2015-12-07 12:09:42.745340, 23.49, 34.09
2015-12-07 12:10:03.326831, 23.49, 33.99
2015-12-07 12:10:23.845013, 23.47, 34.35
2015-12-07 12:10:44.470086, 23.47, 34.15
2015-12-07 12:11:05.069257, 23.46, 33.82
2015-12-07 12:11:25.557080, 23.46, 33.69
2015-12-07 12:11:46.169157, 23.44, 33.78
2015-12-07 12:12:06.724841, 23.42, 33.78
2015-12-07 12:12:27.254030, 23.45, 33.32
2015-12-07 12:12:48.020344, 23.42, 33.52
2015-12-07 12:13:08.568067, 23.43, 33.78
2015-12-07 12:13:29.138638, 23.45, 33.69
2015-12-07 12:13:49.743737, 23.45, 33.59
2015-12-07 12:14:10.191488, 23.44, 33.45
2015-12-07 12:14:30.692538, 23.44, 33.38
2015-12-07 12:14:51.305207, 23.42, 33.25
2015-12-07 12:15:11.788969, 23.42, 33.38
2015-12-07 12:15:32.319799, 23.46, 33.32
2015-12-07 12:15:52.887205, 23.49, 33.66
2015-12-07 12:16:13.390499, 23.5, 33.69
2015-12-07 12:16:33.918126, 23.52, 33.72
2015-12-07 12:16:54.894317, 23.53, 33.93
2015-12-07 12:17:15.421113, 23.52, 33.99
2015-12-07 12:17:35.969560, 23.52, 33.79
2015-12-07 12:17:56.539293, 23.51, 33.92
2015-12-07 12:18:17.076954, 23.51, 33.86
2015-12-07 12:18:37.560521, 23.49, 33.86
2015-12-07 12:18:58.242126, 23.48, 33.85
2015-12-07 12:19:18.722850, 23.48, 33.82
2015-12-07 12:19:39.282523, 23.47, 34.12
2015-12-07 12:19:59.805068, 23.46, 33.65
2015-12-07 12:20:20.272454, 23.46, 33.52
2015-12-07 12:20:40.821121, 23.46, 33.52
2015-12-07 12:21:01.604562, 23.44, 33.45
2015-12-07 12:21:22.075082, 23.44, 33.38
2015-12-07 12:21:42.632447, 23.44, 33.75
2015-12-07 12:22:03.147549, 23.45, 33.42
2015-12-07 12:22:23.668003, 23.43, 33.38
2015-12-07 12:22:44.169830, 23.43, 33.45
2015-12-07 12:23:04.774604, 23.42, 33.65
2015-12-07 12:23:25.294146, 23.41, 33.51
2015-12-07 12:23:45.847473, 23.42, 33.18
2015-12-07 12:24:06.471869, 23.4, 33.25
2015-12-07 12:24:26.932895, 23.4, 33.58
2015-12-07 12:24:47.441051, 23.39, 33.15
2015-12-07 12:25:08.020547, 23.41, 33.35
2015-12-07 12:25:28.520604, 23.42, 33.58
2015-12-07 12:25:49.040674, 23.46, 33.65
2015-12-07 12:26:09.584897, 23.48, 33.89
2015-12-07 12:26:30.096430, 23.5, 33.86
2015-12-07 12:26:50.619946, 23.52, 33.89
2015-12-07 12:27:11.170695, 23.51, 33.99
2015-12-07 12:27:31.653624, 23.53, 33.86
2015-12-07 12:27:52.164468, 23.52, 34.02
2015-12-07 12:28:12.860197, 23.52, 34.16
2015-12-07 12:28:33.401285, 23.52, 33.79
2015-12-07 12:28:53.922066, 23.53, 33.69
2015-12-07 12:29:14.533721, 23.51, 33.52
2015-12-07 12:29:34.997121, 23.49, 33.86
2015-12-07 12:29:55.526770, 23.48, 33.65
2015-12-07 12:30:16.135489, 23.47, 33.45
2015-12-07 12:30:36.628978, 23.48, 33.45
2015-12-07 12:30:57.183253, 23.45, 33.55
2015-12-07 12:31:17.760056, 23.45, 33.19
2015-12-07 12:31:38.260192, 23.44, 33.12
2015-12-07 12:31:58.803618, 23.44, 33.42
2015-12-07 12:32:19.358934, 23.44, 33.18
2015-12-07 12:32:39.893112, 23.44, 33.12
2015-12-07 12:33:00.380152, 23.42, 33.08
2015-12-07 12:33:21.013982, 23.42, 33.05
2015-12-07 12:33:41.540726, 23.42, 33.12
2015-12-07 12:34:02.085520, 23.42, 33.22
2015-12-07 12:34:22.654226, 23.41, 32.91
2015-12-07 12:34:43.157830, 23.41, 33.31
2015-12-07 12:35:03.717176, 23.42, 33.22
2015-12-07 12:35:24.669560, 23.43, 33.55
2015-12-07 12:35:45.194231, 23.46, 33.65
2015-12-07 12:36:05.764188, 23.47, 33.59
2015-12-07 12:36:26.305067, 23.49, 33.76
2015-12-07 12:36:46.809998, 23.5, 33.79
2015-12-07 12:37:07.375359, 23.5, 33.66
2015-12-07 12:37:28.093000, 23.49, 33.62
2015-12-07 12:37:48.600532, 23.5, 33.59
2015-12-07 12:38:09.160115, 23.5, 33.46
2015-12-07 12:38:29.773101, 23.5, 33.66
2015-12-07 12:38:50.273427, 23.46, 33.32
2015-12-07 12:39:10.789218, 23.48, 33.92
2015-12-07 12:39:31.424229, 23.48, 33.32
2015-12-07 12:39:51.910049, 23.47, 33.32
2015-12-07 12:40:12.436741, 23.47, 33.42
2015-12-07 12:40:33.023316, 23.47, 33.39
2015-12-07 12:40:53.456620, 23.47, 33.19
2015-12-07 12:41:14.000651, 23.46, 33.12
2015-12-07 12:41:34.803425, 23.47, 32.89
2015-12-07 12:41:55.304052, 23.47, 32.85
2015-12-07 12:42:15.806875, 23.45, 33.12
2015-12-07 12:42:36.407695, 23.45, 32.82
2015-12-07 12:42:56.887539, 23.42, 32.72
2015-12-07 12:43:17.418775, 23.42, 32.85
2015-12-07 12:43:38.004346, 23.42, 32.85
2015-12-07 12:43:58.502765, 23.4, 32.78
2015-12-07 12:44:19.075865, 23.42, 32.75
2015-12-07 12:44:39.667349, 23.42, 32.82
2015-12-07 12:45:00.126141, 23.44, 32.95
2015-12-07 12:45:20.645268, 23.48, 32.95
2015-12-07 12:45:41.242110, 23.49, 33.19
2015-12-07 12:46:01.746357, 23.49, 33.39
2015-12-07 12:46:22.290795, 23.48, 33.59
2015-12-07 12:46:42.931413, 23.49, 33.52
2015-12-07 12:47:03.489182, 23.48, 33.62
2015-12-07 12:47:23.992265, 23.49, 33.59
2015-12-07 12:47:44.578735, 23.5, 33.66
2015-12-07 12:48:05.119516, 23.53, 33.73
2015-12-07 12:48:25.670102, 23.53, 33.29
2015-12-07 12:48:46.242129, 23.54, 33.39
2015-12-07 12:49:06.756399, 23.51, 33.19
2015-12-07 12:49:27.241336, 23.5, 33.32
2015-12-07 12:49:47.875721, 23.5, 33.26
2015-12-07 12:50:08.393630, 23.48, 33.45
2015-12-07 12:50:29.074914, 23.49, 33.49
2015-12-07 12:50:49.700645, 23.48, 33.25
2015-12-07 12:51:10.241249, 23.47, 33.29
2015-12-07 12:51:30.753106, 23.47, 32.85
2015-12-07 12:51:51.287139, 23.46, 32.65
2015-12-07 12:52:11.802050, 23.48, 32.69
2015-12-07 12:52:32.330372, 23.45, 32.92
2015-12-07 12:52:52.854297, 23.49, 32.86
2015-12-07 12:53:13.347175, 23.46, 32.99
2015-12-07 12:53:33.848989, 23.46, 33.25
2015-12-07 12:53:54.426951, 23.46, 33.19
2015-12-07 12:54:14.979597, 23.44, 33.28
2015-12-07 12:54:35.470815, 23.44, 32.95
2015-12-07 12:54:56.026144, 23.48, 33.39
2015-12-07 12:55:16.533415, 23.5, 33.39
2015-12-07 12:55:37.092888, 23.52, 33.26
2015-12-07 12:55:57.902605, 23.55, 33.53
2015-12-07 12:56:18.423974, 23.56, 33.4
2015-12-07 12:56:38.987473, 23.56, 33.53
2015-12-07 12:56:59.605316, 23.56, 33.6
2015-12-07 12:57:20.171319, 23.56, 33.5
2015-12-07 12:57:40.649029, 23.55, 33.33
2015-12-07 12:58:01.190602, 23.56, 33.33
2015-12-07 12:58:21.770561, 23.54, 33.33
2015-12-07 12:58:42.305610, 23.53, 33.39
2015-12-07 12:59:02.897105, 23.52, 33.53
2015-12-07 12:59:23.452530, 23.5, 33.16
2015-12-07 12:59:44.019160, 23.48, 33.05
2015-12-07 13:00:04.783047, 23.49, 33.39
2015-12-07 13:00:25.305098, 23.48, 33.39
2015-12-07 13:00:46.870436, 23.47, 33.05
2015-12-07 13:01:07.468730, 23.48, 32.75
2015-12-07 13:01:27.937431, 23.46, 32.82
2015-12-07 13:01:48.465513, 23.47, 32.72
2015-12-07 13:02:09.076043, 23.45, 32.85
2015-12-07 13:02:29.551233, 23.43, 32.92
2015-12-07 13:02:50.118799, 23.44, 32.85
2015-12-07 13:03:10.732333, 23.44, 32.45
2015-12-07 13:03:31.255268, 23.4, 32.65
2015-12-07 13:03:51.730423, 23.4, 32.38
2015-12-07 13:04:12.380966, 23.4, 32.85
